modality,cancer,track,model,eval_mode,overfit_spearman_gap,overfit_fold_std,overfit_level,combo_dir
ML,stad,2C_numeric_smiles_context,XGBoost,scaffoldcv,0.47775572250139314,0.07300455069957305,warning,results/20260424_multicancer_stad_protocol_rerun/step4_models/fs_a_stad_baseline/ml_step4_1/stad/2C_numeric_smiles_context/XGBoost/scaffoldcv
ML,stad,2C_numeric_smiles_context,XGBoost,groupcv,0.4098366235771243,0.07644555813749092,warning,results/20260424_multicancer_stad_protocol_rerun/step4_models/fs_a_stad_baseline/ml_step4_1/stad/2C_numeric_smiles_context/XGBoost/groupcv
ML,stad,2C_numeric_smiles_context,XGBoost,unseen_drug,0.4179148136225696,0.0,warning,results/20260424_multicancer_stad_protocol_rerun/step4_models/fs_a_stad_baseline/ml_step4_1/stad/2C_numeric_smiles_context/XGBoost/unseen_drug
ML,stad,2C_numeric_smiles_context,RandomForest,scaffoldcv,0.580312605071908,0.03811686831056665,severe,results/20260424_multicancer_stad_protocol_rerun/step4_models/fs_a_stad_baseline/ml_step4_1/stad/2C_numeric_smiles_context/RandomForest/scaffoldcv
ML,stad,2C_numeric_smiles_context,RandomForest,groupcv,0.5177142948836765,0.07015569045568773,severe,results/20260424_multicancer_stad_protocol_rerun/step4_models/fs_a_stad_baseline/ml_step4_1/stad/2C_numeric_smiles_context/RandomForest/groupcv
ML,stad,2C_numeric_smiles_context,RandomForest,unseen_drug,0.5706434971870191,0.0,severe,results/20260424_multicancer_stad_protocol_rerun/step4_models/fs_a_stad_baseline/ml_step4_1/stad/2C_numeric_smiles_context/RandomForest/unseen_drug
ML,stad,2C_numeric_smiles_context,ExtraTrees,scaffoldcv,0.5447386338109033,0.10537400588756503,severe,results/20260424_multicancer_stad_protocol_rerun/step4_models/fs_a_stad_baseline/ml_step4_1/stad/2C_numeric_smiles_context/ExtraTrees/scaffoldcv
ML,stad,2C_numeric_smiles_context,ExtraTrees,groupcv,0.5963546877226419,0.09932575360934248,severe,results/20260424_multicancer_stad_protocol_rerun/step4_models/fs_a_stad_baseline/ml_step4_1/stad/2C_numeric_smiles_context/ExtraTrees/groupcv
ML,stad,2C_numeric_smiles_context,ExtraTrees,unseen_drug,0.5849046156628801,0.0,severe,results/20260424_multicancer_stad_protocol_rerun/step4_models/fs_a_stad_baseline/ml_step4_1/stad/2C_numeric_smiles_context/ExtraTrees/unseen_drug
ML,stad,2C_numeric_smiles_context,LightGBM,scaffoldcv,0.5059161503621262,0.0950175402616588,severe,results/20260424_multicancer_stad_protocol_rerun/step4_models/fs_a_stad_baseline/ml_step4_1/stad/2C_numeric_smiles_context/LightGBM/scaffoldcv
ML,stad,2C_numeric_smiles_context,LightGBM,groupcv,0.39987099664173753,0.06801381725922027,warning,results/20260424_multicancer_stad_protocol_rerun/step4_models/fs_a_stad_baseline/ml_step4_1/stad/2C_numeric_smiles_context/LightGBM/groupcv
ML,stad,2C_numeric_smiles_context,LightGBM,unseen_drug,0.42835472089458454,0.0,warning,results/20260424_multicancer_stad_protocol_rerun/step4_models/fs_a_stad_baseline/ml_step4_1/stad/2C_numeric_smiles_context/LightGBM/unseen_drug
ML,stad,2C_numeric_smiles_context,CatBoost,scaffoldcv,0.3946327981268459,0.10547572626875483,severe,results/20260424_multicancer_stad_protocol_rerun/step4_models/fs_a_stad_baseline/ml_step4_1/stad/2C_numeric_smiles_context/CatBoost/scaffoldcv
ML,stad,2C_numeric_smiles_context,CatBoost,groupcv,0.3508498241218381,0.1017915095713816,severe,results/20260424_multicancer_stad_protocol_rerun/step4_models/fs_a_stad_baseline/ml_step4_1/stad/2C_numeric_smiles_context/CatBoost/groupcv
ML,stad,2C_numeric_smiles_context,CatBoost,unseen_drug,0.3126825955816365,0.0,warning,results/20260424_multicancer_stad_protocol_rerun/step4_models/fs_a_stad_baseline/ml_step4_1/stad/2C_numeric_smiles_context/CatBoost/unseen_drug
ML,stad,2B_numeric_smiles,XGBoost,scaffoldcv,0.4681270804195314,0.05669176839703333,warning,results/20260424_multicancer_stad_protocol_rerun/step4_models/fs_a_stad_baseline/ml_step4_1/stad/2B_numeric_smiles/XGBoost/scaffoldcv
ML,stad,2B_numeric_smiles,XGBoost,groupcv,0.3975564667746876,0.05441809596893643,warning,results/20260424_multicancer_stad_protocol_rerun/step4_models/fs_a_stad_baseline/ml_step4_1/stad/2B_numeric_smiles/XGBoost/groupcv
ML,stad,2B_numeric_smiles,XGBoost,unseen_drug,0.377347612589571,0.0,warning,results/20260424_multicancer_stad_protocol_rerun/step4_models/fs_a_stad_baseline/ml_step4_1/stad/2B_numeric_smiles/XGBoost/unseen_drug
ML,stad,2B_numeric_smiles,RandomForest,scaffoldcv,0.5662791923173287,0.04927110909549125,severe,results/20260424_multicancer_stad_protocol_rerun/step4_models/fs_a_stad_baseline/ml_step4_1/stad/2B_numeric_smiles/RandomForest/scaffoldcv
ML,stad,2B_numeric_smiles,RandomForest,groupcv,0.4931035034454912,0.07599070264563107,warning,results/20260424_multicancer_stad_protocol_rerun/step4_models/fs_a_stad_baseline/ml_step4_1/stad/2B_numeric_smiles/RandomForest/groupcv
ML,stad,2B_numeric_smiles,RandomForest,unseen_drug,0.5495633206288772,0.0,severe,results/20260424_multicancer_stad_protocol_rerun/step4_models/fs_a_stad_baseline/ml_step4_1/stad/2B_numeric_smiles/RandomForest/unseen_drug
ML,stad,2B_numeric_smiles,ExtraTrees,scaffoldcv,0.5238124313807452,0.10187397810099813,severe,results/20260424_multicancer_stad_protocol_rerun/step4_models/fs_a_stad_baseline/ml_step4_1/stad/2B_numeric_smiles/ExtraTrees/scaffoldcv
ML,stad,2B_numeric_smiles,ExtraTrees,groupcv,0.5520679920505313,0.1028570662401728,severe,results/20260424_multicancer_stad_protocol_rerun/step4_models/fs_a_stad_baseline/ml_step4_1/stad/2B_numeric_smiles/ExtraTrees/groupcv
ML,stad,2B_numeric_smiles,ExtraTrees,unseen_drug,0.5531961051905946,0.0,severe,results/20260424_multicancer_stad_protocol_rerun/step4_models/fs_a_stad_baseline/ml_step4_1/stad/2B_numeric_smiles/ExtraTrees/unseen_drug
ML,stad,2B_numeric_smiles,LightGBM,scaffoldcv,0.502012874761653,0.0916318705706414,severe,results/20260424_multicancer_stad_protocol_rerun/step4_models/fs_a_stad_baseline/ml_step4_1/stad/2B_numeric_smiles/LightGBM/scaffoldcv
ML,stad,2B_numeric_smiles,LightGBM,groupcv,0.3896349344667556,0.06299910899975808,warning,results/20260424_multicancer_stad_protocol_rerun/step4_models/fs_a_stad_baseline/ml_step4_1/stad/2B_numeric_smiles/LightGBM/groupcv
ML,stad,2B_numeric_smiles,LightGBM,unseen_drug,0.3905718823701564,0.0,warning,results/20260424_multicancer_stad_protocol_rerun/step4_models/fs_a_stad_baseline/ml_step4_1/stad/2B_numeric_smiles/LightGBM/unseen_drug
ML,stad,2B_numeric_smiles,CatBoost,scaffoldcv,0.39632186742178455,0.11627069541951361,severe,results/20260424_multicancer_stad_protocol_rerun/step4_models/fs_a_stad_baseline/ml_step4_1/stad/2B_numeric_smiles/CatBoost/scaffoldcv
ML,stad,2B_numeric_smiles,CatBoost,groupcv,0.35801923121081075,0.09839915722716114,warning,results/20260424_multicancer_stad_protocol_rerun/step4_models/fs_a_stad_baseline/ml_step4_1/stad/2B_numeric_smiles/CatBoost/groupcv
ML,stad,2B_numeric_smiles,CatBoost,unseen_drug,0.4014069435014013,0.0,warning,results/20260424_multicancer_stad_protocol_rerun/step4_models/fs_a_stad_baseline/ml_step4_1/stad/2B_numeric_smiles/CatBoost/unseen_drug
ML,luad,2C_numeric_smiles_context,XGBoost,scaffoldcv,0.3534552988914217,0.07544824581080263,warning,results/20260424_multicancer_stad_protocol_rerun/step4_models/fs_a_stad_baseline/ml_step4_1/luad/2C_numeric_smiles_context/XGBoost/scaffoldcv
ML,luad,2C_numeric_smiles_context,XGBoost,groupcv,0.369249015908498,0.03677480153795744,warning,results/20260424_multicancer_stad_protocol_rerun/step4_models/fs_a_stad_baseline/ml_step4_1/luad/2C_numeric_smiles_context/XGBoost/groupcv
ML,luad,2C_numeric_smiles_context,XGBoost,unseen_drug,0.33402758343292427,0.0,warning,results/20260424_multicancer_stad_protocol_rerun/step4_models/fs_a_stad_baseline/ml_step4_1/luad/2C_numeric_smiles_context/XGBoost/unseen_drug
ML,luad,2C_numeric_smiles_context,RandomForest,scaffoldcv,0.5380730366016169,0.028295167509764563,severe,results/20260424_multicancer_stad_protocol_rerun/step4_models/fs_a_stad_baseline/ml_step4_1/luad/2C_numeric_smiles_context/RandomForest/scaffoldcv
ML,luad,2C_numeric_smiles_context,RandomForest,groupcv,0.5287334231969874,0.036749120247594025,severe,results/20260424_multicancer_stad_protocol_rerun/step4_models/fs_a_stad_baseline/ml_step4_1/luad/2C_numeric_smiles_context/RandomForest/groupcv
ML,luad,2C_numeric_smiles_context,RandomForest,unseen_drug,0.4351841155415135,0.0,warning,results/20260424_multicancer_stad_protocol_rerun/step4_models/fs_a_stad_baseline/ml_step4_1/luad/2C_numeric_smiles_context/RandomForest/unseen_drug
ML,luad,2C_numeric_smiles_context,ExtraTrees,scaffoldcv,0.5257136058294493,0.05262800296096907,severe,results/20260424_multicancer_stad_protocol_rerun/step4_models/fs_a_stad_baseline/ml_step4_1/luad/2C_numeric_smiles_context/ExtraTrees/scaffoldcv
ML,luad,2C_numeric_smiles_context,ExtraTrees,groupcv,0.5522896590787192,0.045683009538501254,severe,results/20260424_multicancer_stad_protocol_rerun/step4_models/fs_a_stad_baseline/ml_step4_1/luad/2C_numeric_smiles_context/ExtraTrees/groupcv
ML,luad,2C_numeric_smiles_context,ExtraTrees,unseen_drug,0.5357752248676992,0.0,severe,results/20260424_multicancer_stad_protocol_rerun/step4_models/fs_a_stad_baseline/ml_step4_1/luad/2C_numeric_smiles_context/ExtraTrees/unseen_drug
ML,luad,2C_numeric_smiles_context,LightGBM,scaffoldcv,0.3941670737438296,0.08852036035649818,warning,results/20260424_multicancer_stad_protocol_rerun/step4_models/fs_a_stad_baseline/ml_step4_1/luad/2C_numeric_smiles_context/LightGBM/scaffoldcv
ML,luad,2C_numeric_smiles_context,LightGBM,groupcv,0.372606224258383,0.012868380826654993,warning,results/20260424_multicancer_stad_protocol_rerun/step4_models/fs_a_stad_baseline/ml_step4_1/luad/2C_numeric_smiles_context/LightGBM/groupcv
ML,luad,2C_numeric_smiles_context,LightGBM,unseen_drug,0.32090550414182684,0.0,warning,results/20260424_multicancer_stad_protocol_rerun/step4_models/fs_a_stad_baseline/ml_step4_1/luad/2C_numeric_smiles_context/LightGBM/unseen_drug
ML,luad,2C_numeric_smiles_context,CatBoost,scaffoldcv,0.34544380329341434,0.05863307417691215,warning,results/20260424_multicancer_stad_protocol_rerun/step4_models/fs_a_stad_baseline/ml_step4_1/luad/2C_numeric_smiles_context/CatBoost/scaffoldcv
ML,luad,2C_numeric_smiles_context,CatBoost,groupcv,0.3531877279496946,0.06376786491150685,warning,results/20260424_multicancer_stad_protocol_rerun/step4_models/fs_a_stad_baseline/ml_step4_1/luad/2C_numeric_smiles_context/CatBoost/groupcv
ML,luad,2C_numeric_smiles_context,CatBoost,unseen_drug,0.3618415320197354,0.0,warning,results/20260424_multicancer_stad_protocol_rerun/step4_models/fs_a_stad_baseline/ml_step4_1/luad/2C_numeric_smiles_context/CatBoost/unseen_drug
ML,luad,2B_numeric_smiles,XGBoost,scaffoldcv,0.34630988847357275,0.07405144409308705,warning,results/20260424_multicancer_stad_protocol_rerun/step4_models/fs_a_stad_baseline/ml_step4_1/luad/2B_numeric_smiles/XGBoost/scaffoldcv
ML,luad,2B_numeric_smiles,XGBoost,groupcv,0.36569984989967846,0.02129312726842547,warning,results/20260424_multicancer_stad_protocol_rerun/step4_models/fs_a_stad_baseline/ml_step4_1/luad/2B_numeric_smiles/XGBoost/groupcv
ML,luad,2B_numeric_smiles,XGBoost,unseen_drug,0.3207241316142552,0.0,warning,results/20260424_multicancer_stad_protocol_rerun/step4_models/fs_a_stad_baseline/ml_step4_1/luad/2B_numeric_smiles/XGBoost/unseen_drug
ML,luad,2B_numeric_smiles,RandomForest,scaffoldcv,0.5202985157832972,0.003877495409415494,severe,results/20260424_multicancer_stad_protocol_rerun/step4_models/fs_a_stad_baseline/ml_step4_1/luad/2B_numeric_smiles/RandomForest/scaffoldcv
ML,luad,2B_numeric_smiles,RandomForest,groupcv,0.5067165996811361,0.05623720780703356,severe,results/20260424_multicancer_stad_protocol_rerun/step4_models/fs_a_stad_baseline/ml_step4_1/luad/2B_numeric_smiles/RandomForest/groupcv
ML,luad,2B_numeric_smiles,RandomForest,unseen_drug,0.38577147302329806,0.0,warning,results/20260424_multicancer_stad_protocol_rerun/step4_models/fs_a_stad_baseline/ml_step4_1/luad/2B_numeric_smiles/RandomForest/unseen_drug
ML,luad,2B_numeric_smiles,ExtraTrees,scaffoldcv,0.5153716356405913,0.047649097912649,severe,results/20260424_multicancer_stad_protocol_rerun/step4_models/fs_a_stad_baseline/ml_step4_1/luad/2B_numeric_smiles/ExtraTrees/scaffoldcv
ML,luad,2B_numeric_smiles,ExtraTrees,groupcv,0.5463090881180519,0.07583577785825141,severe,results/20260424_multicancer_stad_protocol_rerun/step4_models/fs_a_stad_baseline/ml_step4_1/luad/2B_numeric_smiles/ExtraTrees/groupcv
ML,luad,2B_numeric_smiles,ExtraTrees,unseen_drug,0.4911562286059262,0.0,warning,results/20260424_multicancer_stad_protocol_rerun/step4_models/fs_a_stad_baseline/ml_step4_1/luad/2B_numeric_smiles/ExtraTrees/unseen_drug
ML,luad,2B_numeric_smiles,LightGBM,scaffoldcv,0.3860335700346907,0.10672812832818751,severe,results/20260424_multicancer_stad_protocol_rerun/step4_models/fs_a_stad_baseline/ml_step4_1/luad/2B_numeric_smiles/LightGBM/scaffoldcv
ML,luad,2B_numeric_smiles,LightGBM,groupcv,0.3697716652429765,0.031190952537505097,warning,results/20260424_multicancer_stad_protocol_rerun/step4_models/fs_a_stad_baseline/ml_step4_1/luad/2B_numeric_smiles/LightGBM/groupcv
ML,luad,2B_numeric_smiles,LightGBM,unseen_drug,0.32063907106438777,0.0,warning,results/20260424_multicancer_stad_protocol_rerun/step4_models/fs_a_stad_baseline/ml_step4_1/luad/2B_numeric_smiles/LightGBM/unseen_drug
ML,luad,2B_numeric_smiles,CatBoost,scaffoldcv,0.32619506678808263,0.04952184542352326,warning,results/20260424_multicancer_stad_protocol_rerun/step4_models/fs_a_stad_baseline/ml_step4_1/luad/2B_numeric_smiles/CatBoost/scaffoldcv
ML,luad,2B_numeric_smiles,CatBoost,groupcv,0.3584074424758423,0.03786755110992534,warning,results/20260424_multicancer_stad_protocol_rerun/step4_models/fs_a_stad_baseline/ml_step4_1/luad/2B_numeric_smiles/CatBoost/groupcv
ML,luad,2B_numeric_smiles,CatBoost,unseen_drug,0.3866206123755069,0.0,warning,results/20260424_multicancer_stad_protocol_rerun/step4_models/fs_a_stad_baseline/ml_step4_1/luad/2B_numeric_smiles/CatBoost/unseen_drug
ML,brca,2C_numeric_smiles_context,XGBoost,scaffoldcv,0.4981478242534753,0.17013132643764464,severe,results/20260424_multicancer_stad_protocol_rerun/step4_models/fs_a_stad_baseline/ml_step4_1/brca/2C_numeric_smiles_context/XGBoost/scaffoldcv
ML,brca,2C_numeric_smiles_context,XGBoost,groupcv,0.3592105905257817,0.0720067435313472,warning,results/20260424_multicancer_stad_protocol_rerun/step4_models/fs_a_stad_baseline/ml_step4_1/brca/2C_numeric_smiles_context/XGBoost/groupcv
ML,brca,2C_numeric_smiles_context,XGBoost,unseen_drug,0.37223798046967216,0.0,warning,results/20260424_multicancer_stad_protocol_rerun/step4_models/fs_a_stad_baseline/ml_step4_1/brca/2C_numeric_smiles_context/XGBoost/unseen_drug
ML,brca,2C_numeric_smiles_context,RandomForest,scaffoldcv,0.5650368045650114,0.0969108814811286,severe,results/20260424_multicancer_stad_protocol_rerun/step4_models/fs_a_stad_baseline/ml_step4_1/brca/2C_numeric_smiles_context/RandomForest/scaffoldcv
ML,brca,2C_numeric_smiles_context,RandomForest,groupcv,0.48646805970258794,0.061655578222539933,warning,results/20260424_multicancer_stad_protocol_rerun/step4_models/fs_a_stad_baseline/ml_step4_1/brca/2C_numeric_smiles_context/RandomForest/groupcv
ML,brca,2C_numeric_smiles_context,RandomForest,unseen_drug,0.527501330033501,0.0,severe,results/20260424_multicancer_stad_protocol_rerun/step4_models/fs_a_stad_baseline/ml_step4_1/brca/2C_numeric_smiles_context/RandomForest/unseen_drug
ML,brca,2C_numeric_smiles_context,ExtraTrees,scaffoldcv,0.58706564859581,0.02019594192103153,severe,results/20260424_multicancer_stad_protocol_rerun/step4_models/fs_a_stad_baseline/ml_step4_1/brca/2C_numeric_smiles_context/ExtraTrees/scaffoldcv
ML,brca,2C_numeric_smiles_context,ExtraTrees,groupcv,0.5890278770956121,0.05921479259143376,severe,results/20260424_multicancer_stad_protocol_rerun/step4_models/fs_a_stad_baseline/ml_step4_1/brca/2C_numeric_smiles_context/ExtraTrees/groupcv
ML,brca,2C_numeric_smiles_context,ExtraTrees,unseen_drug,0.5911452591338701,0.0,severe,results/20260424_multicancer_stad_protocol_rerun/step4_models/fs_a_stad_baseline/ml_step4_1/brca/2C_numeric_smiles_context/ExtraTrees/unseen_drug
ML,brca,2C_numeric_smiles_context,LightGBM,scaffoldcv,0.42303910994098676,0.07486488184448539,warning,results/20260424_multicancer_stad_protocol_rerun/step4_models/fs_a_stad_baseline/ml_step4_1/brca/2C_numeric_smiles_context/LightGBM/scaffoldcv
ML,brca,2C_numeric_smiles_context,LightGBM,groupcv,0.3556009282922921,0.06745992734136885,warning,results/20260424_multicancer_stad_protocol_rerun/step4_models/fs_a_stad_baseline/ml_step4_1/brca/2C_numeric_smiles_context/LightGBM/groupcv
ML,brca,2C_numeric_smiles_context,LightGBM,unseen_drug,0.3796384318861593,0.0,warning,results/20260424_multicancer_stad_protocol_rerun/step4_models/fs_a_stad_baseline/ml_step4_1/brca/2C_numeric_smiles_context/LightGBM/unseen_drug
ML,brca,2C_numeric_smiles_context,CatBoost,scaffoldcv,0.33861283877808956,0.06455788332565181,warning,results/20260424_multicancer_stad_protocol_rerun/step4_models/fs_a_stad_baseline/ml_step4_1/brca/2C_numeric_smiles_context/CatBoost/scaffoldcv
ML,brca,2C_numeric_smiles_context,CatBoost,groupcv,0.28651524553942587,0.06521598496648276,warning,results/20260424_multicancer_stad_protocol_rerun/step4_models/fs_a_stad_baseline/ml_step4_1/brca/2C_numeric_smiles_context/CatBoost/groupcv
ML,brca,2C_numeric_smiles_context,CatBoost,unseen_drug,0.35158039439994554,0.0,warning,results/20260424_multicancer_stad_protocol_rerun/step4_models/fs_a_stad_baseline/ml_step4_1/brca/2C_numeric_smiles_context/CatBoost/unseen_drug
ML,brca,2B_numeric_smiles,XGBoost,scaffoldcv,0.46583236986695303,0.13419967836702398,severe,results/20260424_multicancer_stad_protocol_rerun/step4_models/fs_a_stad_baseline/ml_step4_1/brca/2B_numeric_smiles/XGBoost/scaffoldcv
ML,brca,2B_numeric_smiles,XGBoost,groupcv,0.3925274589633739,0.05134860291818427,warning,results/20260424_multicancer_stad_protocol_rerun/step4_models/fs_a_stad_baseline/ml_step4_1/brca/2B_numeric_smiles/XGBoost/groupcv
ML,brca,2B_numeric_smiles,XGBoost,unseen_drug,0.39314854439183367,0.0,warning,results/20260424_multicancer_stad_protocol_rerun/step4_models/fs_a_stad_baseline/ml_step4_1/brca/2B_numeric_smiles/XGBoost/unseen_drug
ML,brca,2B_numeric_smiles,RandomForest,scaffoldcv,0.5605222253020342,0.09635453897744758,severe,results/20260424_multicancer_stad_protocol_rerun/step4_models/fs_a_stad_baseline/ml_step4_1/brca/2B_numeric_smiles/RandomForest/scaffoldcv
ML,brca,2B_numeric_smiles,RandomForest,groupcv,0.4664280999915449,0.06205230196178684,warning,results/20260424_multicancer_stad_protocol_rerun/step4_models/fs_a_stad_baseline/ml_step4_1/brca/2B_numeric_smiles/RandomForest/groupcv
ML,brca,2B_numeric_smiles,RandomForest,unseen_drug,0.5041847678636724,0.0,severe,results/20260424_multicancer_stad_protocol_rerun/step4_models/fs_a_stad_baseline/ml_step4_1/brca/2B_numeric_smiles/RandomForest/unseen_drug
ML,brca,2B_numeric_smiles,ExtraTrees,scaffoldcv,0.5816076381147376,0.018355431531423213,severe,results/20260424_multicancer_stad_protocol_rerun/step4_models/fs_a_stad_baseline/ml_step4_1/brca/2B_numeric_smiles/ExtraTrees/scaffoldcv
ML,brca,2B_numeric_smiles,ExtraTrees,groupcv,0.5852738280479743,0.061386767096757,severe,results/20260424_multicancer_stad_protocol_rerun/step4_models/fs_a_stad_baseline/ml_step4_1/brca/2B_numeric_smiles/ExtraTrees/groupcv
ML,brca,2B_numeric_smiles,ExtraTrees,unseen_drug,0.5329231200502413,0.0,severe,results/20260424_multicancer_stad_protocol_rerun/step4_models/fs_a_stad_baseline/ml_step4_1/brca/2B_numeric_smiles/ExtraTrees/unseen_drug
ML,brca,2B_numeric_smiles,LightGBM,scaffoldcv,0.45236104235452873,0.05207740254995331,warning,results/20260424_multicancer_stad_protocol_rerun/step4_models/fs_a_stad_baseline/ml_step4_1/brca/2B_numeric_smiles/LightGBM/scaffoldcv
ML,brca,2B_numeric_smiles,LightGBM,groupcv,0.38601662235229584,0.054858136787450565,warning,results/20260424_multicancer_stad_protocol_rerun/step4_models/fs_a_stad_baseline/ml_step4_1/brca/2B_numeric_smiles/LightGBM/groupcv
ML,brca,2B_numeric_smiles,LightGBM,unseen_drug,0.3820829626434751,0.0,warning,results/20260424_multicancer_stad_protocol_rerun/step4_models/fs_a_stad_baseline/ml_step4_1/brca/2B_numeric_smiles/LightGBM/unseen_drug
ML,brca,2B_numeric_smiles,CatBoost,scaffoldcv,0.3604859016464624,0.06835124270952075,warning,results/20260424_multicancer_stad_protocol_rerun/step4_models/fs_a_stad_baseline/ml_step4_1/brca/2B_numeric_smiles/CatBoost/scaffoldcv
ML,brca,2B_numeric_smiles,CatBoost,groupcv,0.3215234571627453,0.06442077645524401,warning,results/20260424_multicancer_stad_protocol_rerun/step4_models/fs_a_stad_baseline/ml_step4_1/brca/2B_numeric_smiles/CatBoost/groupcv
ML,brca,2B_numeric_smiles,CatBoost,unseen_drug,0.3579524899065069,0.0,warning,results/20260424_multicancer_stad_protocol_rerun/step4_models/fs_a_stad_baseline/ml_step4_1/brca/2B_numeric_smiles/CatBoost/unseen_drug
ML,crc,2C_numeric_smiles_context,XGBoost,scaffoldcv,0.4820237455034146,0.1299019339475668,severe,results/20260424_multicancer_stad_protocol_rerun/step4_models/fs_a_stad_baseline/ml_step4_1/crc/2C_numeric_smiles_context/XGBoost/scaffoldcv
ML,crc,2C_numeric_smiles_context,XGBoost,groupcv,0.35416348840235523,0.05511994230046126,warning,results/20260424_multicancer_stad_protocol_rerun/step4_models/fs_a_stad_baseline/ml_step4_1/crc/2C_numeric_smiles_context/XGBoost/groupcv
ML,crc,2C_numeric_smiles_context,XGBoost,unseen_drug,0.42304800380934465,0.0,warning,results/20260424_multicancer_stad_protocol_rerun/step4_models/fs_a_stad_baseline/ml_step4_1/crc/2C_numeric_smiles_context/XGBoost/unseen_drug
ML,crc,2C_numeric_smiles_context,RandomForest,scaffoldcv,0.5318579355386585,0.06121107149729326,severe,results/20260424_multicancer_stad_protocol_rerun/step4_models/fs_a_stad_baseline/ml_step4_1/crc/2C_numeric_smiles_context/RandomForest/scaffoldcv
ML,crc,2C_numeric_smiles_context,RandomForest,groupcv,0.4519628608504474,0.035371293040482,warning,results/20260424_multicancer_stad_protocol_rerun/step4_models/fs_a_stad_baseline/ml_step4_1/crc/2C_numeric_smiles_context/RandomForest/groupcv
ML,crc,2C_numeric_smiles_context,RandomForest,unseen_drug,0.5595248793424055,0.0,severe,results/20260424_multicancer_stad_protocol_rerun/step4_models/fs_a_stad_baseline/ml_step4_1/crc/2C_numeric_smiles_context/RandomForest/unseen_drug
ML,crc,2C_numeric_smiles_context,ExtraTrees,scaffoldcv,0.5914079244443645,0.06899072625412019,severe,results/20260424_multicancer_stad_protocol_rerun/step4_models/fs_a_stad_baseline/ml_step4_1/crc/2C_numeric_smiles_context/ExtraTrees/scaffoldcv
ML,crc,2C_numeric_smiles_context,ExtraTrees,groupcv,0.519128129220395,0.03623712050546523,severe,results/20260424_multicancer_stad_protocol_rerun/step4_models/fs_a_stad_baseline/ml_step4_1/crc/2C_numeric_smiles_context/ExtraTrees/groupcv
ML,crc,2C_numeric_smiles_context,ExtraTrees,unseen_drug,0.5508966806548778,0.0,severe,results/20260424_multicancer_stad_protocol_rerun/step4_models/fs_a_stad_baseline/ml_step4_1/crc/2C_numeric_smiles_context/ExtraTrees/unseen_drug
ML,crc,2C_numeric_smiles_context,LightGBM,scaffoldcv,0.4439227105320032,0.10170489863552587,severe,results/20260424_multicancer_stad_protocol_rerun/step4_models/fs_a_stad_baseline/ml_step4_1/crc/2C_numeric_smiles_context/LightGBM/scaffoldcv
ML,crc,2C_numeric_smiles_context,LightGBM,groupcv,0.34195929078906145,0.0374910629903777,warning,results/20260424_multicancer_stad_protocol_rerun/step4_models/fs_a_stad_baseline/ml_step4_1/crc/2C_numeric_smiles_context/LightGBM/groupcv
ML,crc,2C_numeric_smiles_context,LightGBM,unseen_drug,0.42122216987064626,0.0,warning,results/20260424_multicancer_stad_protocol_rerun/step4_models/fs_a_stad_baseline/ml_step4_1/crc/2C_numeric_smiles_context/LightGBM/unseen_drug
ML,crc,2C_numeric_smiles_context,CatBoost,scaffoldcv,0.3789605564513055,0.09155087956600753,warning,results/20260424_multicancer_stad_protocol_rerun/step4_models/fs_a_stad_baseline/ml_step4_1/crc/2C_numeric_smiles_context/CatBoost/scaffoldcv
ML,crc,2C_numeric_smiles_context,CatBoost,groupcv,0.32035398716332963,0.056572399716650436,warning,results/20260424_multicancer_stad_protocol_rerun/step4_models/fs_a_stad_baseline/ml_step4_1/crc/2C_numeric_smiles_context/CatBoost/groupcv
ML,crc,2C_numeric_smiles_context,CatBoost,unseen_drug,0.3922074023677255,0.0,warning,results/20260424_multicancer_stad_protocol_rerun/step4_models/fs_a_stad_baseline/ml_step4_1/crc/2C_numeric_smiles_context/CatBoost/unseen_drug
ML,crc,2B_numeric_smiles,XGBoost,scaffoldcv,0.46368281180369264,0.12271254565970878,severe,results/20260424_multicancer_stad_protocol_rerun/step4_models/fs_a_stad_baseline/ml_step4_1/crc/2B_numeric_smiles/XGBoost/scaffoldcv
ML,crc,2B_numeric_smiles,XGBoost,groupcv,0.3642681591808434,0.06425529885000626,warning,results/20260424_multicancer_stad_protocol_rerun/step4_models/fs_a_stad_baseline/ml_step4_1/crc/2B_numeric_smiles/XGBoost/groupcv
ML,crc,2B_numeric_smiles,XGBoost,unseen_drug,0.41372206066678024,0.0,warning,results/20260424_multicancer_stad_protocol_rerun/step4_models/fs_a_stad_baseline/ml_step4_1/crc/2B_numeric_smiles/XGBoost/unseen_drug
ML,crc,2B_numeric_smiles,RandomForest,scaffoldcv,0.5189761271858381,0.06964688158120722,severe,results/20260424_multicancer_stad_protocol_rerun/step4_models/fs_a_stad_baseline/ml_step4_1/crc/2B_numeric_smiles/RandomForest/scaffoldcv
ML,crc,2B_numeric_smiles,RandomForest,groupcv,0.4447828630132449,0.044307293379967035,warning,results/20260424_multicancer_stad_protocol_rerun/step4_models/fs_a_stad_baseline/ml_step4_1/crc/2B_numeric_smiles/RandomForest/groupcv
ML,crc,2B_numeric_smiles,RandomForest,unseen_drug,0.5233396951984416,0.0,severe,results/20260424_multicancer_stad_protocol_rerun/step4_models/fs_a_stad_baseline/ml_step4_1/crc/2B_numeric_smiles/RandomForest/unseen_drug
ML,crc,2B_numeric_smiles,ExtraTrees,scaffoldcv,0.5767456637672109,0.05929369954610099,severe,results/20260424_multicancer_stad_protocol_rerun/step4_models/fs_a_stad_baseline/ml_step4_1/crc/2B_numeric_smiles/ExtraTrees/scaffoldcv
ML,crc,2B_numeric_smiles,ExtraTrees,groupcv,0.5168803636780468,0.06789807606272594,severe,results/20260424_multicancer_stad_protocol_rerun/step4_models/fs_a_stad_baseline/ml_step4_1/crc/2B_numeric_smiles/ExtraTrees/groupcv
ML,crc,2B_numeric_smiles,ExtraTrees,unseen_drug,0.5407463892359277,0.0,severe,results/20260424_multicancer_stad_protocol_rerun/step4_models/fs_a_stad_baseline/ml_step4_1/crc/2B_numeric_smiles/ExtraTrees/unseen_drug
ML,crc,2B_numeric_smiles,LightGBM,scaffoldcv,0.49364918064369734,0.06726351684183977,warning,results/20260424_multicancer_stad_protocol_rerun/step4_models/fs_a_stad_baseline/ml_step4_1/crc/2B_numeric_smiles/LightGBM/scaffoldcv
ML,crc,2B_numeric_smiles,LightGBM,groupcv,0.35118825714557306,0.03479946002958138,warning,results/20260424_multicancer_stad_protocol_rerun/step4_models/fs_a_stad_baseline/ml_step4_1/crc/2B_numeric_smiles/LightGBM/groupcv
ML,crc,2B_numeric_smiles,LightGBM,unseen_drug,0.4355055104134402,0.0,warning,results/20260424_multicancer_stad_protocol_rerun/step4_models/fs_a_stad_baseline/ml_step4_1/crc/2B_numeric_smiles/LightGBM/unseen_drug
ML,crc,2B_numeric_smiles,CatBoost,scaffoldcv,0.39489263251724105,0.07923719956640897,warning,results/20260424_multicancer_stad_protocol_rerun/step4_models/fs_a_stad_baseline/ml_step4_1/crc/2B_numeric_smiles/CatBoost/scaffoldcv
ML,crc,2B_numeric_smiles,CatBoost,groupcv,0.3357935596611328,0.06716954495466165,warning,results/20260424_multicancer_stad_protocol_rerun/step4_models/fs_a_stad_baseline/ml_step4_1/crc/2B_numeric_smiles/CatBoost/groupcv
ML,crc,2B_numeric_smiles,CatBoost,unseen_drug,0.4513729990087453,0.0,warning,results/20260424_multicancer_stad_protocol_rerun/step4_models/fs_a_stad_baseline/ml_step4_1/crc/2B_numeric_smiles/CatBoost/unseen_drug
DL,stad,2C_numeric_smiles_context,WideDeep,scaffoldcv,0.3961251676082611,0.10421504825353622,severe,results/20260424_multicancer_stad_protocol_rerun/step4_models/fs_a_stad_baseline/dl_step4_2_7model_full/stad/2C_numeric_smiles_context/WideDeep/scaffoldcv
DL,stad,2C_numeric_smiles_context,WideDeep,groupcv,0.36396124958992004,0.06782182306051254,warning,results/20260424_multicancer_stad_protocol_rerun/step4_models/fs_a_stad_baseline/dl_step4_2_7model_full/stad/2C_numeric_smiles_context/WideDeep/groupcv
DL,stad,2C_numeric_smiles_context,WideDeep,unseen_drug,0.44100937247276306,0.0,warning,results/20260424_multicancer_stad_protocol_rerun/step4_models/fs_a_stad_baseline/dl_step4_2_7model_full/stad/2C_numeric_smiles_context/WideDeep/unseen_drug
DL,stad,2C_numeric_smiles_context,TabTransformer,scaffoldcv,0.4097268581390381,0.16029560565948486,severe,results/20260424_multicancer_stad_protocol_rerun/step4_models/fs_a_stad_baseline/dl_step4_2_7model_full/stad/2C_numeric_smiles_context/TabTransformer/scaffoldcv
DL,stad,2C_numeric_smiles_context,TabTransformer,groupcv,0.3266797959804535,0.04776258021593094,warning,results/20260424_multicancer_stad_protocol_rerun/step4_models/fs_a_stad_baseline/dl_step4_2_7model_full/stad/2C_numeric_smiles_context/TabTransformer/groupcv
DL,stad,2C_numeric_smiles_context,TabTransformer,unseen_drug,0.4073088765144348,0.0,warning,results/20260424_multicancer_stad_protocol_rerun/step4_models/fs_a_stad_baseline/dl_step4_2_7model_full/stad/2C_numeric_smiles_context/TabTransformer/unseen_drug
DL,stad,2C_numeric_smiles_context,FTTransformer,scaffoldcv,0.3483874797821045,0.12051098793745041,severe,results/20260424_multicancer_stad_protocol_rerun/step4_models/fs_a_stad_baseline/dl_step4_2_7model_full/stad/2C_numeric_smiles_context/FTTransformer/scaffoldcv
DL,stad,2C_numeric_smiles_context,FTTransformer,groupcv,0.32562175393104553,0.044177815318107605,warning,results/20260424_multicancer_stad_protocol_rerun/step4_models/fs_a_stad_baseline/dl_step4_2_7model_full/stad/2C_numeric_smiles_context/FTTransformer/groupcv
DL,stad,2C_numeric_smiles_context,FTTransformer,unseen_drug,0.36446648836135864,0.0,warning,results/20260424_multicancer_stad_protocol_rerun/step4_models/fs_a_stad_baseline/dl_step4_2_7model_full/stad/2C_numeric_smiles_context/FTTransformer/unseen_drug
DL,stad,2C_numeric_smiles_context,TabNet,scaffoldcv,0.45371904969215393,0.0974220409989357,warning,results/20260424_multicancer_stad_protocol_rerun/step4_models/fs_a_stad_baseline/dl_step4_2_7model_full/stad/2C_numeric_smiles_context/TabNet/scaffoldcv
DL,stad,2C_numeric_smiles_context,TabNet,groupcv,0.4274991452693939,0.07713141292333603,warning,results/20260424_multicancer_stad_protocol_rerun/step4_models/fs_a_stad_baseline/dl_step4_2_7model_full/stad/2C_numeric_smiles_context/TabNet/groupcv
DL,stad,2C_numeric_smiles_context,TabNet,unseen_drug,0.46714910864830017,0.0,warning,results/20260424_multicancer_stad_protocol_rerun/step4_models/fs_a_stad_baseline/dl_step4_2_7model_full/stad/2C_numeric_smiles_context/TabNet/unseen_drug
DL,stad,2C_numeric_smiles_context,ResidualMLP,scaffoldcv,0.41017183661460876,0.10848075151443481,severe,results/20260424_multicancer_stad_protocol_rerun/step4_models/fs_a_stad_baseline/dl_step4_2_7model_full/stad/2C_numeric_smiles_context/ResidualMLP/scaffoldcv
DL,stad,2C_numeric_smiles_context,ResidualMLP,groupcv,0.3447744846343994,0.05207701399922371,warning,results/20260424_multicancer_stad_protocol_rerun/step4_models/fs_a_stad_baseline/dl_step4_2_7model_full/stad/2C_numeric_smiles_context/ResidualMLP/groupcv
DL,stad,2C_numeric_smiles_context,ResidualMLP,unseen_drug,0.4538794457912445,0.0,warning,results/20260424_multicancer_stad_protocol_rerun/step4_models/fs_a_stad_baseline/dl_step4_2_7model_full/stad/2C_numeric_smiles_context/ResidualMLP/unseen_drug
DL,stad,2C_numeric_smiles_context,CrossAttention,scaffoldcv,0.41714558005332947,0.09640923887491226,warning,results/20260424_multicancer_stad_protocol_rerun/step4_models/fs_a_stad_baseline/dl_step4_2_7model_full/stad/2C_numeric_smiles_context/CrossAttention/scaffoldcv
DL,stad,2C_numeric_smiles_context,CrossAttention,groupcv,0.3756771385669708,0.05409715697169304,warning,results/20260424_multicancer_stad_protocol_rerun/step4_models/fs_a_stad_baseline/dl_step4_2_7model_full/stad/2C_numeric_smiles_context/CrossAttention/groupcv
DL,stad,2C_numeric_smiles_context,CrossAttention,unseen_drug,0.4493010342121124,0.0,warning,results/20260424_multicancer_stad_protocol_rerun/step4_models/fs_a_stad_baseline/dl_step4_2_7model_full/stad/2C_numeric_smiles_context/CrossAttention/unseen_drug
DL,stad,2C_numeric_smiles_context,FlatMLP,scaffoldcv,0.4071824848651886,0.0883161723613739,warning,results/20260424_multicancer_stad_protocol_rerun/step4_models/fs_a_stad_baseline/dl_step4_2_7model_full/stad/2C_numeric_smiles_context/FlatMLP/scaffoldcv
DL,stad,2C_numeric_smiles_context,FlatMLP,groupcv,0.36238279938697815,0.05736241862177849,warning,results/20260424_multicancer_stad_protocol_rerun/step4_models/fs_a_stad_baseline/dl_step4_2_7model_full/stad/2C_numeric_smiles_context/FlatMLP/groupcv
DL,stad,2C_numeric_smiles_context,FlatMLP,unseen_drug,0.4633791446685791,0.0,warning,results/20260424_multicancer_stad_protocol_rerun/step4_models/fs_a_stad_baseline/dl_step4_2_7model_full/stad/2C_numeric_smiles_context/FlatMLP/unseen_drug
DL,stad,2B_numeric_smiles,WideDeep,scaffoldcv,0.40287140011787415,0.09754522144794464,warning,results/20260424_multicancer_stad_protocol_rerun/step4_models/fs_a_stad_baseline/dl_step4_2_7model_full/stad/2B_numeric_smiles/WideDeep/scaffoldcv
DL,stad,2B_numeric_smiles,WideDeep,groupcv,0.34912851452827454,0.04234499856829643,warning,results/20260424_multicancer_stad_protocol_rerun/step4_models/fs_a_stad_baseline/dl_step4_2_7model_full/stad/2B_numeric_smiles/WideDeep/groupcv
DL,stad,2B_numeric_smiles,WideDeep,unseen_drug,0.4502946436405182,0.0,warning,results/20260424_multicancer_stad_protocol_rerun/step4_models/fs_a_stad_baseline/dl_step4_2_7model_full/stad/2B_numeric_smiles/WideDeep/unseen_drug
DL,stad,2B_numeric_smiles,TabTransformer,scaffoldcv,0.40142202377319336,0.13421814143657684,severe,results/20260424_multicancer_stad_protocol_rerun/step4_models/fs_a_stad_baseline/dl_step4_2_7model_full/stad/2B_numeric_smiles/TabTransformer/scaffoldcv
DL,stad,2B_numeric_smiles,TabTransformer,groupcv,0.3375824987888336,0.028892451897263527,warning,results/20260424_multicancer_stad_protocol_rerun/step4_models/fs_a_stad_baseline/dl_step4_2_7model_full/stad/2B_numeric_smiles/TabTransformer/groupcv
DL,stad,2B_numeric_smiles,TabTransformer,unseen_drug,0.4005351662635803,0.0,warning,results/20260424_multicancer_stad_protocol_rerun/step4_models/fs_a_stad_baseline/dl_step4_2_7model_full/stad/2B_numeric_smiles/TabTransformer/unseen_drug
DL,stad,2B_numeric_smiles,FTTransformer,scaffoldcv,0.3800082504749298,0.15730755031108856,severe,results/20260424_multicancer_stad_protocol_rerun/step4_models/fs_a_stad_baseline/dl_step4_2_7model_full/stad/2B_numeric_smiles/FTTransformer/scaffoldcv
DL,stad,2B_numeric_smiles,FTTransformer,groupcv,0.32615044713020325,0.04224502295255661,warning,results/20260424_multicancer_stad_protocol_rerun/step4_models/fs_a_stad_baseline/dl_step4_2_7model_full/stad/2B_numeric_smiles/FTTransformer/groupcv
DL,stad,2B_numeric_smiles,FTTransformer,unseen_drug,0.4245782792568207,0.0,warning,results/20260424_multicancer_stad_protocol_rerun/step4_models/fs_a_stad_baseline/dl_step4_2_7model_full/stad/2B_numeric_smiles/FTTransformer/unseen_drug
DL,stad,2B_numeric_smiles,TabNet,scaffoldcv,0.46581992506980896,0.09821838140487671,warning,results/20260424_multicancer_stad_protocol_rerun/step4_models/fs_a_stad_baseline/dl_step4_2_7model_full/stad/2B_numeric_smiles/TabNet/scaffoldcv
DL,stad,2B_numeric_smiles,TabNet,groupcv,0.4548661410808563,0.0645870640873909,warning,results/20260424_multicancer_stad_protocol_rerun/step4_models/fs_a_stad_baseline/dl_step4_2_7model_full/stad/2B_numeric_smiles/TabNet/groupcv
DL,stad,2B_numeric_smiles,TabNet,unseen_drug,0.5151201486587524,0.0,severe,results/20260424_multicancer_stad_protocol_rerun/step4_models/fs_a_stad_baseline/dl_step4_2_7model_full/stad/2B_numeric_smiles/TabNet/unseen_drug
DL,stad,2B_numeric_smiles,ResidualMLP,scaffoldcv,0.41184452176094055,0.10552681237459183,severe,results/20260424_multicancer_stad_protocol_rerun/step4_models/fs_a_stad_baseline/dl_step4_2_7model_full/stad/2B_numeric_smiles/ResidualMLP/scaffoldcv
DL,stad,2B_numeric_smiles,ResidualMLP,groupcv,0.35939982533454895,0.05710229277610779,warning,results/20260424_multicancer_stad_protocol_rerun/step4_models/fs_a_stad_baseline/dl_step4_2_7model_full/stad/2B_numeric_smiles/ResidualMLP/groupcv
DL,stad,2B_numeric_smiles,ResidualMLP,unseen_drug,0.4634079933166504,0.0,warning,results/20260424_multicancer_stad_protocol_rerun/step4_models/fs_a_stad_baseline/dl_step4_2_7model_full/stad/2B_numeric_smiles/ResidualMLP/unseen_drug
DL,stad,2B_numeric_smiles,CrossAttention,scaffoldcv,0.43829354643821716,0.08993647992610931,warning,results/20260424_multicancer_stad_protocol_rerun/step4_models/fs_a_stad_baseline/dl_step4_2_7model_full/stad/2B_numeric_smiles/CrossAttention/scaffoldcv
DL,stad,2B_numeric_smiles,CrossAttention,groupcv,0.3940037786960602,0.0573427639901638,warning,results/20260424_multicancer_stad_protocol_rerun/step4_models/fs_a_stad_baseline/dl_step4_2_7model_full/stad/2B_numeric_smiles/CrossAttention/groupcv
DL,stad,2B_numeric_smiles,CrossAttention,unseen_drug,0.465711385011673,0.0,warning,results/20260424_multicancer_stad_protocol_rerun/step4_models/fs_a_stad_baseline/dl_step4_2_7model_full/stad/2B_numeric_smiles/CrossAttention/unseen_drug
DL,stad,2B_numeric_smiles,FlatMLP,scaffoldcv,0.42103779315948486,0.08071208745241165,warning,results/20260424_multicancer_stad_protocol_rerun/step4_models/fs_a_stad_baseline/dl_step4_2_7model_full/stad/2B_numeric_smiles/FlatMLP/scaffoldcv
DL,stad,2B_numeric_smiles,FlatMLP,groupcv,0.38124966621398926,0.04739049822092056,warning,results/20260424_multicancer_stad_protocol_rerun/step4_models/fs_a_stad_baseline/dl_step4_2_7model_full/stad/2B_numeric_smiles/FlatMLP/groupcv
DL,stad,2B_numeric_smiles,FlatMLP,unseen_drug,0.47353729605674744,0.0,warning,results/20260424_multicancer_stad_protocol_rerun/step4_models/fs_a_stad_baseline/dl_step4_2_7model_full/stad/2B_numeric_smiles/FlatMLP/unseen_drug
DL,luad,2C_numeric_smiles_context,WideDeep,scaffoldcv,0.3905467987060547,0.10665859282016754,severe,results/20260424_multicancer_stad_protocol_rerun/step4_models/fs_a_stad_baseline/dl_step4_2_7model_full/luad/2C_numeric_smiles_context/WideDeep/scaffoldcv
DL,luad,2C_numeric_smiles_context,WideDeep,groupcv,0.4293726980686188,0.04218889772891998,warning,results/20260424_multicancer_stad_protocol_rerun/step4_models/fs_a_stad_baseline/dl_step4_2_7model_full/luad/2C_numeric_smiles_context/WideDeep/groupcv
DL,luad,2C_numeric_smiles_context,WideDeep,unseen_drug,0.5042341947555542,0.0,severe,results/20260424_multicancer_stad_protocol_rerun/step4_models/fs_a_stad_baseline/dl_step4_2_7model_full/luad/2C_numeric_smiles_context/WideDeep/unseen_drug
DL,luad,2C_numeric_smiles_context,TabTransformer,scaffoldcv,0.3526339828968048,0.09769116342067719,warning,results/20260424_multicancer_stad_protocol_rerun/step4_models/fs_a_stad_baseline/dl_step4_2_7model_full/luad/2C_numeric_smiles_context/TabTransformer/scaffoldcv
DL,luad,2C_numeric_smiles_context,TabTransformer,groupcv,0.3949003517627716,0.03417351096868515,warning,results/20260424_multicancer_stad_protocol_rerun/step4_models/fs_a_stad_baseline/dl_step4_2_7model_full/luad/2C_numeric_smiles_context/TabTransformer/groupcv
DL,luad,2C_numeric_smiles_context,TabTransformer,unseen_drug,0.42681917548179626,0.0,warning,results/20260424_multicancer_stad_protocol_rerun/step4_models/fs_a_stad_baseline/dl_step4_2_7model_full/luad/2C_numeric_smiles_context/TabTransformer/unseen_drug
DL,luad,2C_numeric_smiles_context,FTTransformer,scaffoldcv,0.31125903129577637,0.09650180488824844,warning,results/20260424_multicancer_stad_protocol_rerun/step4_models/fs_a_stad_baseline/dl_step4_2_7model_full/luad/2C_numeric_smiles_context/FTTransformer/scaffoldcv
DL,luad,2C_numeric_smiles_context,FTTransformer,groupcv,0.34209033846855164,0.02945105731487274,warning,results/20260424_multicancer_stad_protocol_rerun/step4_models/fs_a_stad_baseline/dl_step4_2_7model_full/luad/2C_numeric_smiles_context/FTTransformer/groupcv
DL,luad,2C_numeric_smiles_context,TabNet,scaffoldcv,0.43433836102485657,0.13600695133209229,severe,results/20260424_multicancer_stad_protocol_rerun/step4_models/fs_a_stad_baseline/dl_step4_2_7model_full/luad/2C_numeric_smiles_context/TabNet/scaffoldcv
DL,luad,2C_numeric_smiles_context,TabNet,groupcv,0.45171716809272766,0.07772969454526901,warning,results/20260424_multicancer_stad_protocol_rerun/step4_models/fs_a_stad_baseline/dl_step4_2_7model_full/luad/2C_numeric_smiles_context/TabNet/groupcv
DL,luad,2C_numeric_smiles_context,TabNet,unseen_drug,0.4821275472640991,0.0,warning,results/20260424_multicancer_stad_protocol_rerun/step4_models/fs_a_stad_baseline/dl_step4_2_7model_full/luad/2C_numeric_smiles_context/TabNet/unseen_drug
DL,luad,2C_numeric_smiles_context,ResidualMLP,scaffoldcv,0.3875541687011719,0.1090063825249672,severe,results/20260424_multicancer_stad_protocol_rerun/step4_models/fs_a_stad_baseline/dl_step4_2_7model_full/luad/2C_numeric_smiles_context/ResidualMLP/scaffoldcv
DL,luad,2C_numeric_smiles_context,ResidualMLP,groupcv,0.4261266887187958,0.035287413746118546,warning,results/20260424_multicancer_stad_protocol_rerun/step4_models/fs_a_stad_baseline/dl_step4_2_7model_full/luad/2C_numeric_smiles_context/ResidualMLP/groupcv
DL,luad,2C_numeric_smiles_context,ResidualMLP,unseen_drug,0.47898826003074646,0.0,warning,results/20260424_multicancer_stad_protocol_rerun/step4_models/fs_a_stad_baseline/dl_step4_2_7model_full/luad/2C_numeric_smiles_context/ResidualMLP/unseen_drug
DL,luad,2C_numeric_smiles_context,CrossAttention,scaffoldcv,0.385591059923172,0.08440644294023514,warning,results/20260424_multicancer_stad_protocol_rerun/step4_models/fs_a_stad_baseline/dl_step4_2_7model_full/luad/2C_numeric_smiles_context/CrossAttention/scaffoldcv
DL,luad,2C_numeric_smiles_context,CrossAttention,groupcv,0.436001181602478,0.04208870232105255,warning,results/20260424_multicancer_stad_protocol_rerun/step4_models/fs_a_stad_baseline/dl_step4_2_7model_full/luad/2C_numeric_smiles_context/CrossAttention/groupcv
DL,luad,2C_numeric_smiles_context,CrossAttention,unseen_drug,0.48925289511680603,0.0,warning,results/20260424_multicancer_stad_protocol_rerun/step4_models/fs_a_stad_baseline/dl_step4_2_7model_full/luad/2C_numeric_smiles_context/CrossAttention/unseen_drug
DL,luad,2C_numeric_smiles_context,FlatMLP,scaffoldcv,0.39383652806282043,0.10295233130455017,severe,results/20260424_multicancer_stad_protocol_rerun/step4_models/fs_a_stad_baseline/dl_step4_2_7model_full/luad/2C_numeric_smiles_context/FlatMLP/scaffoldcv
DL,luad,2C_numeric_smiles_context,FlatMLP,groupcv,0.4355241358280182,0.035382580012083054,warning,results/20260424_multicancer_stad_protocol_rerun/step4_models/fs_a_stad_baseline/dl_step4_2_7model_full/luad/2C_numeric_smiles_context/FlatMLP/groupcv
DL,luad,2C_numeric_smiles_context,FlatMLP,unseen_drug,0.4952583312988281,0.0,warning,results/20260424_multicancer_stad_protocol_rerun/step4_models/fs_a_stad_baseline/dl_step4_2_7model_full/luad/2C_numeric_smiles_context/FlatMLP/unseen_drug
DL,luad,2B_numeric_smiles,WideDeep,scaffoldcv,0.43886271119117737,0.08447089791297913,warning,results/20260424_multicancer_stad_protocol_rerun/step4_models/fs_a_stad_baseline/dl_step4_2_7model_full/luad/2B_numeric_smiles/WideDeep/scaffoldcv
DL,luad,2B_numeric_smiles,WideDeep,groupcv,0.4672824442386627,0.04040975123643875,warning,results/20260424_multicancer_stad_protocol_rerun/step4_models/fs_a_stad_baseline/dl_step4_2_7model_full/luad/2B_numeric_smiles/WideDeep/groupcv
DL,luad,2B_numeric_smiles,WideDeep,unseen_drug,0.4912359118461609,0.0,warning,results/20260424_multicancer_stad_protocol_rerun/step4_models/fs_a_stad_baseline/dl_step4_2_7model_full/luad/2B_numeric_smiles/WideDeep/unseen_drug
DL,luad,2B_numeric_smiles,TabTransformer,scaffoldcv,0.38004744052886963,0.10796653479337692,severe,results/20260424_multicancer_stad_protocol_rerun/step4_models/fs_a_stad_baseline/dl_step4_2_7model_full/luad/2B_numeric_smiles/TabTransformer/scaffoldcv
DL,luad,2B_numeric_smiles,TabTransformer,groupcv,0.40949973464012146,0.04848949983716011,warning,results/20260424_multicancer_stad_protocol_rerun/step4_models/fs_a_stad_baseline/dl_step4_2_7model_full/luad/2B_numeric_smiles/TabTransformer/groupcv
DL,luad,2B_numeric_smiles,TabTransformer,unseen_drug,0.38905277848243713,0.0,warning,results/20260424_multicancer_stad_protocol_rerun/step4_models/fs_a_stad_baseline/dl_step4_2_7model_full/luad/2B_numeric_smiles/TabTransformer/unseen_drug
DL,luad,2B_numeric_smiles,FTTransformer,scaffoldcv,0.36852383613586426,0.09439558535814285,warning,results/20260424_multicancer_stad_protocol_rerun/step4_models/fs_a_stad_baseline/dl_step4_2_7model_full/luad/2B_numeric_smiles/FTTransformer/scaffoldcv
DL,luad,2B_numeric_smiles,FTTransformer,groupcv,0.35305526852607727,0.06077255681157112,warning,results/20260424_multicancer_stad_protocol_rerun/step4_models/fs_a_stad_baseline/dl_step4_2_7model_full/luad/2B_numeric_smiles/FTTransformer/groupcv
DL,luad,2B_numeric_smiles,TabNet,scaffoldcv,0.4712604582309723,0.12038679420948029,severe,results/20260424_multicancer_stad_protocol_rerun/step4_models/fs_a_stad_baseline/dl_step4_2_7model_full/luad/2B_numeric_smiles/TabNet/scaffoldcv
DL,luad,2B_numeric_smiles,TabNet,groupcv,0.45650944113731384,0.08850721269845963,warning,results/20260424_multicancer_stad_protocol_rerun/step4_models/fs_a_stad_baseline/dl_step4_2_7model_full/luad/2B_numeric_smiles/TabNet/groupcv
DL,luad,2B_numeric_smiles,TabNet,unseen_drug,0.5005432367324829,0.0,severe,results/20260424_multicancer_stad_protocol_rerun/step4_models/fs_a_stad_baseline/dl_step4_2_7model_full/luad/2B_numeric_smiles/TabNet/unseen_drug
DL,luad,2B_numeric_smiles,ResidualMLP,scaffoldcv,0.41810059547424316,0.0951090157032013,warning,results/20260424_multicancer_stad_protocol_rerun/step4_models/fs_a_stad_baseline/dl_step4_2_7model_full/luad/2B_numeric_smiles/ResidualMLP/scaffoldcv
DL,luad,2B_numeric_smiles,ResidualMLP,groupcv,0.4524654448032379,0.05448049679398537,warning,results/20260424_multicancer_stad_protocol_rerun/step4_models/fs_a_stad_baseline/dl_step4_2_7model_full/luad/2B_numeric_smiles/ResidualMLP/groupcv
DL,luad,2B_numeric_smiles,ResidualMLP,unseen_drug,0.4692647457122803,0.0,warning,results/20260424_multicancer_stad_protocol_rerun/step4_models/fs_a_stad_baseline/dl_step4_2_7model_full/luad/2B_numeric_smiles/ResidualMLP/unseen_drug
DL,luad,2B_numeric_smiles,CrossAttention,scaffoldcv,0.4209119379520416,0.08544508367776871,warning,results/20260424_multicancer_stad_protocol_rerun/step4_models/fs_a_stad_baseline/dl_step4_2_7model_full/luad/2B_numeric_smiles/CrossAttention/scaffoldcv
DL,luad,2B_numeric_smiles,CrossAttention,groupcv,0.47709283232688904,0.04598015919327736,warning,results/20260424_multicancer_stad_protocol_rerun/step4_models/fs_a_stad_baseline/dl_step4_2_7model_full/luad/2B_numeric_smiles/CrossAttention/groupcv
DL,luad,2B_numeric_smiles,CrossAttention,unseen_drug,0.47372350096702576,0.0,warning,results/20260424_multicancer_stad_protocol_rerun/step4_models/fs_a_stad_baseline/dl_step4_2_7model_full/luad/2B_numeric_smiles/CrossAttention/unseen_drug
DL,luad,2B_numeric_smiles,FlatMLP,scaffoldcv,0.42922839522361755,0.1025012880563736,severe,results/20260424_multicancer_stad_protocol_rerun/step4_models/fs_a_stad_baseline/dl_step4_2_7model_full/luad/2B_numeric_smiles/FlatMLP/scaffoldcv
DL,luad,2B_numeric_smiles,FlatMLP,groupcv,0.46058914065361023,0.052734892815351486,warning,results/20260424_multicancer_stad_protocol_rerun/step4_models/fs_a_stad_baseline/dl_step4_2_7model_full/luad/2B_numeric_smiles/FlatMLP/groupcv
DL,luad,2B_numeric_smiles,FlatMLP,unseen_drug,0.47428032755851746,0.0,warning,results/20260424_multicancer_stad_protocol_rerun/step4_models/fs_a_stad_baseline/dl_step4_2_7model_full/luad/2B_numeric_smiles/FlatMLP/unseen_drug
DL,brca,2C_numeric_smiles_context,WideDeep,scaffoldcv,0.39797690510749817,0.06485816091299057,warning,results/20260424_multicancer_stad_protocol_rerun/step4_models/fs_a_stad_baseline/dl_step4_2_7model_full/brca/2C_numeric_smiles_context/WideDeep/scaffoldcv
DL,brca,2C_numeric_smiles_context,WideDeep,groupcv,0.3524033725261688,0.034075044095516205,warning,results/20260424_multicancer_stad_protocol_rerun/step4_models/fs_a_stad_baseline/dl_step4_2_7model_full/brca/2C_numeric_smiles_context/WideDeep/groupcv
DL,brca,2C_numeric_smiles_context,WideDeep,unseen_drug,0.40550124645233154,0.0,warning,results/20260424_multicancer_stad_protocol_rerun/step4_models/fs_a_stad_baseline/dl_step4_2_7model_full/brca/2C_numeric_smiles_context/WideDeep/unseen_drug
DL,brca,2C_numeric_smiles_context,TabTransformer,scaffoldcv,0.392559289932251,0.0981510728597641,warning,results/20260424_multicancer_stad_protocol_rerun/step4_models/fs_a_stad_baseline/dl_step4_2_7model_full/brca/2C_numeric_smiles_context/TabTransformer/scaffoldcv
DL,brca,2C_numeric_smiles_context,TabTransformer,groupcv,0.35754212737083435,0.07809405773878098,warning,results/20260424_multicancer_stad_protocol_rerun/step4_models/fs_a_stad_baseline/dl_step4_2_7model_full/brca/2C_numeric_smiles_context/TabTransformer/groupcv
DL,brca,2C_numeric_smiles_context,TabTransformer,unseen_drug,0.42549729347229004,0.0,warning,results/20260424_multicancer_stad_protocol_rerun/step4_models/fs_a_stad_baseline/dl_step4_2_7model_full/brca/2C_numeric_smiles_context/TabTransformer/unseen_drug
DL,brca,2C_numeric_smiles_context,FTTransformer,scaffoldcv,0.4061001241207123,0.13501057028770447,severe,results/20260424_multicancer_stad_protocol_rerun/step4_models/fs_a_stad_baseline/dl_step4_2_7model_full/brca/2C_numeric_smiles_context/FTTransformer/scaffoldcv
DL,brca,2C_numeric_smiles_context,FTTransformer,groupcv,0.3372242748737335,0.06832246482372284,warning,results/20260424_multicancer_stad_protocol_rerun/step4_models/fs_a_stad_baseline/dl_step4_2_7model_full/brca/2C_numeric_smiles_context/FTTransformer/groupcv
DL,brca,2C_numeric_smiles_context,FTTransformer,unseen_drug,0.43084508180618286,0.0,warning,results/20260424_multicancer_stad_protocol_rerun/step4_models/fs_a_stad_baseline/dl_step4_2_7model_full/brca/2C_numeric_smiles_context/FTTransformer/unseen_drug
DL,brca,2C_numeric_smiles_context,TabNet,scaffoldcv,0.4646361768245697,0.046282701194286346,warning,results/20260424_multicancer_stad_protocol_rerun/step4_models/fs_a_stad_baseline/dl_step4_2_7model_full/brca/2C_numeric_smiles_context/TabNet/scaffoldcv
DL,brca,2C_numeric_smiles_context,TabNet,groupcv,0.46405553817749023,0.05280463397502899,warning,results/20260424_multicancer_stad_protocol_rerun/step4_models/fs_a_stad_baseline/dl_step4_2_7model_full/brca/2C_numeric_smiles_context/TabNet/groupcv
DL,brca,2C_numeric_smiles_context,TabNet,unseen_drug,0.47936898469924927,0.0,warning,results/20260424_multicancer_stad_protocol_rerun/step4_models/fs_a_stad_baseline/dl_step4_2_7model_full/brca/2C_numeric_smiles_context/TabNet/unseen_drug
DL,brca,2C_numeric_smiles_context,ResidualMLP,scaffoldcv,0.4004122018814087,0.06129489839076996,warning,results/20260424_multicancer_stad_protocol_rerun/step4_models/fs_a_stad_baseline/dl_step4_2_7model_full/brca/2C_numeric_smiles_context/ResidualMLP/scaffoldcv
DL,brca,2C_numeric_smiles_context,ResidualMLP,groupcv,0.3421144187450409,0.04027865454554558,warning,results/20260424_multicancer_stad_protocol_rerun/step4_models/fs_a_stad_baseline/dl_step4_2_7model_full/brca/2C_numeric_smiles_context/ResidualMLP/groupcv
DL,brca,2C_numeric_smiles_context,ResidualMLP,unseen_drug,0.4431890547275543,0.0,warning,results/20260424_multicancer_stad_protocol_rerun/step4_models/fs_a_stad_baseline/dl_step4_2_7model_full/brca/2C_numeric_smiles_context/ResidualMLP/unseen_drug
DL,brca,2C_numeric_smiles_context,CrossAttention,scaffoldcv,0.4069503843784332,0.05309933423995972,warning,results/20260424_multicancer_stad_protocol_rerun/step4_models/fs_a_stad_baseline/dl_step4_2_7model_full/brca/2C_numeric_smiles_context/CrossAttention/scaffoldcv
DL,brca,2C_numeric_smiles_context,CrossAttention,groupcv,0.3951842784881592,0.05340784788131714,warning,results/20260424_multicancer_stad_protocol_rerun/step4_models/fs_a_stad_baseline/dl_step4_2_7model_full/brca/2C_numeric_smiles_context/CrossAttention/groupcv
DL,brca,2C_numeric_smiles_context,CrossAttention,unseen_drug,0.4626210927963257,0.0,warning,results/20260424_multicancer_stad_protocol_rerun/step4_models/fs_a_stad_baseline/dl_step4_2_7model_full/brca/2C_numeric_smiles_context/CrossAttention/unseen_drug
DL,brca,2C_numeric_smiles_context,FlatMLP,scaffoldcv,0.40136340260505676,0.057769712060689926,warning,results/20260424_multicancer_stad_protocol_rerun/step4_models/fs_a_stad_baseline/dl_step4_2_7model_full/brca/2C_numeric_smiles_context/FlatMLP/scaffoldcv
DL,brca,2C_numeric_smiles_context,FlatMLP,groupcv,0.36530017852783203,0.038455698639154434,warning,results/20260424_multicancer_stad_protocol_rerun/step4_models/fs_a_stad_baseline/dl_step4_2_7model_full/brca/2C_numeric_smiles_context/FlatMLP/groupcv
DL,brca,2C_numeric_smiles_context,FlatMLP,unseen_drug,0.46925535798072815,0.0,warning,results/20260424_multicancer_stad_protocol_rerun/step4_models/fs_a_stad_baseline/dl_step4_2_7model_full/brca/2C_numeric_smiles_context/FlatMLP/unseen_drug
DL,brca,2B_numeric_smiles,WideDeep,scaffoldcv,0.4170156419277191,0.05732386186718941,warning,results/20260424_multicancer_stad_protocol_rerun/step4_models/fs_a_stad_baseline/dl_step4_2_7model_full/brca/2B_numeric_smiles/WideDeep/scaffoldcv
DL,brca,2B_numeric_smiles,WideDeep,groupcv,0.3762287199497223,0.021012116223573685,warning,results/20260424_multicancer_stad_protocol_rerun/step4_models/fs_a_stad_baseline/dl_step4_2_7model_full/brca/2B_numeric_smiles/WideDeep/groupcv
DL,brca,2B_numeric_smiles,WideDeep,unseen_drug,0.46264228224754333,0.0,warning,results/20260424_multicancer_stad_protocol_rerun/step4_models/fs_a_stad_baseline/dl_step4_2_7model_full/brca/2B_numeric_smiles/WideDeep/unseen_drug
DL,brca,2B_numeric_smiles,TabTransformer,scaffoldcv,0.41438522934913635,0.11902444064617157,severe,results/20260424_multicancer_stad_protocol_rerun/step4_models/fs_a_stad_baseline/dl_step4_2_7model_full/brca/2B_numeric_smiles/TabTransformer/scaffoldcv
DL,brca,2B_numeric_smiles,TabTransformer,groupcv,0.3767463266849518,0.08350471407175064,warning,results/20260424_multicancer_stad_protocol_rerun/step4_models/fs_a_stad_baseline/dl_step4_2_7model_full/brca/2B_numeric_smiles/TabTransformer/groupcv
DL,brca,2B_numeric_smiles,TabTransformer,unseen_drug,0.4258221983909607,0.0,warning,results/20260424_multicancer_stad_protocol_rerun/step4_models/fs_a_stad_baseline/dl_step4_2_7model_full/brca/2B_numeric_smiles/TabTransformer/unseen_drug
DL,brca,2B_numeric_smiles,FTTransformer,scaffoldcv,0.42906060814857483,0.1285185068845749,severe,results/20260424_multicancer_stad_protocol_rerun/step4_models/fs_a_stad_baseline/dl_step4_2_7model_full/brca/2B_numeric_smiles/FTTransformer/scaffoldcv
DL,brca,2B_numeric_smiles,FTTransformer,groupcv,0.3520059287548065,0.026240915060043335,warning,results/20260424_multicancer_stad_protocol_rerun/step4_models/fs_a_stad_baseline/dl_step4_2_7model_full/brca/2B_numeric_smiles/FTTransformer/groupcv
DL,brca,2B_numeric_smiles,FTTransformer,unseen_drug,0.4292675852775574,0.0,warning,results/20260424_multicancer_stad_protocol_rerun/step4_models/fs_a_stad_baseline/dl_step4_2_7model_full/brca/2B_numeric_smiles/FTTransformer/unseen_drug
DL,brca,2B_numeric_smiles,TabNet,scaffoldcv,0.47660377621650696,0.03733793646097183,warning,results/20260424_multicancer_stad_protocol_rerun/step4_models/fs_a_stad_baseline/dl_step4_2_7model_full/brca/2B_numeric_smiles/TabNet/scaffoldcv
DL,brca,2B_numeric_smiles,TabNet,groupcv,0.4649292528629303,0.029773419722914696,warning,results/20260424_multicancer_stad_protocol_rerun/step4_models/fs_a_stad_baseline/dl_step4_2_7model_full/brca/2B_numeric_smiles/TabNet/groupcv
DL,brca,2B_numeric_smiles,TabNet,unseen_drug,0.5160057544708252,0.0,severe,results/20260424_multicancer_stad_protocol_rerun/step4_models/fs_a_stad_baseline/dl_step4_2_7model_full/brca/2B_numeric_smiles/TabNet/unseen_drug
DL,brca,2B_numeric_smiles,ResidualMLP,scaffoldcv,0.40729615092277527,0.05890852212905884,warning,results/20260424_multicancer_stad_protocol_rerun/step4_models/fs_a_stad_baseline/dl_step4_2_7model_full/brca/2B_numeric_smiles/ResidualMLP/scaffoldcv
DL,brca,2B_numeric_smiles,ResidualMLP,groupcv,0.3574553430080414,0.026694053784012794,warning,results/20260424_multicancer_stad_protocol_rerun/step4_models/fs_a_stad_baseline/dl_step4_2_7model_full/brca/2B_numeric_smiles/ResidualMLP/groupcv
DL,brca,2B_numeric_smiles,ResidualMLP,unseen_drug,0.4719882905483246,0.0,warning,results/20260424_multicancer_stad_protocol_rerun/step4_models/fs_a_stad_baseline/dl_step4_2_7model_full/brca/2B_numeric_smiles/ResidualMLP/unseen_drug
DL,brca,2B_numeric_smiles,CrossAttention,scaffoldcv,0.4008501470088959,0.05564919486641884,warning,results/20260424_multicancer_stad_protocol_rerun/step4_models/fs_a_stad_baseline/dl_step4_2_7model_full/brca/2B_numeric_smiles/CrossAttention/scaffoldcv
DL,brca,2B_numeric_smiles,CrossAttention,groupcv,0.37073400616645813,0.01526630762964487,warning,results/20260424_multicancer_stad_protocol_rerun/step4_models/fs_a_stad_baseline/dl_step4_2_7model_full/brca/2B_numeric_smiles/CrossAttention/groupcv
DL,brca,2B_numeric_smiles,CrossAttention,unseen_drug,0.5071220397949219,0.0,severe,results/20260424_multicancer_stad_protocol_rerun/step4_models/fs_a_stad_baseline/dl_step4_2_7model_full/brca/2B_numeric_smiles/CrossAttention/unseen_drug
DL,brca,2B_numeric_smiles,FlatMLP,scaffoldcv,0.4314572513103485,0.04500487446784973,warning,results/20260424_multicancer_stad_protocol_rerun/step4_models/fs_a_stad_baseline/dl_step4_2_7model_full/brca/2B_numeric_smiles/FlatMLP/scaffoldcv
DL,brca,2B_numeric_smiles,FlatMLP,groupcv,0.3866768777370453,0.034180138260126114,warning,results/20260424_multicancer_stad_protocol_rerun/step4_models/fs_a_stad_baseline/dl_step4_2_7model_full/brca/2B_numeric_smiles/FlatMLP/groupcv
DL,brca,2B_numeric_smiles,FlatMLP,unseen_drug,0.48594510555267334,0.0,warning,results/20260424_multicancer_stad_protocol_rerun/step4_models/fs_a_stad_baseline/dl_step4_2_7model_full/brca/2B_numeric_smiles/FlatMLP/unseen_drug
DL,crc,2C_numeric_smiles_context,WideDeep,scaffoldcv,0.4111197888851166,0.10426667332649231,severe,results/20260424_multicancer_stad_protocol_rerun/step4_models/fs_a_stad_baseline/dl_step4_2_7model_full/crc/2C_numeric_smiles_context/WideDeep/scaffoldcv
DL,crc,2C_numeric_smiles_context,WideDeep,groupcv,0.3466426432132721,0.05492030456662178,warning,results/20260424_multicancer_stad_protocol_rerun/step4_models/fs_a_stad_baseline/dl_step4_2_7model_full/crc/2C_numeric_smiles_context/WideDeep/groupcv
DL,crc,2C_numeric_smiles_context,WideDeep,unseen_drug,0.5047377347946167,0.0,severe,results/20260424_multicancer_stad_protocol_rerun/step4_models/fs_a_stad_baseline/dl_step4_2_7model_full/crc/2C_numeric_smiles_context/WideDeep/unseen_drug
DL,crc,2C_numeric_smiles_context,TabTransformer,scaffoldcv,0.4191798269748688,0.11914565414190292,severe,results/20260424_multicancer_stad_protocol_rerun/step4_models/fs_a_stad_baseline/dl_step4_2_7model_full/crc/2C_numeric_smiles_context/TabTransformer/scaffoldcv
DL,crc,2C_numeric_smiles_context,TabTransformer,groupcv,0.3242093026638031,0.07969990372657776,warning,results/20260424_multicancer_stad_protocol_rerun/step4_models/fs_a_stad_baseline/dl_step4_2_7model_full/crc/2C_numeric_smiles_context/TabTransformer/groupcv
DL,crc,2C_numeric_smiles_context,TabTransformer,unseen_drug,0.48430243134498596,0.0,warning,results/20260424_multicancer_stad_protocol_rerun/step4_models/fs_a_stad_baseline/dl_step4_2_7model_full/crc/2C_numeric_smiles_context/TabTransformer/unseen_drug
DL,crc,2C_numeric_smiles_context,FTTransformer,scaffoldcv,0.4212505519390106,0.11074048280715942,severe,results/20260424_multicancer_stad_protocol_rerun/step4_models/fs_a_stad_baseline/dl_step4_2_7model_full/crc/2C_numeric_smiles_context/FTTransformer/scaffoldcv
DL,crc,2C_numeric_smiles_context,FTTransformer,groupcv,0.33476540446281433,0.07963244616985321,warning,results/20260424_multicancer_stad_protocol_rerun/step4_models/fs_a_stad_baseline/dl_step4_2_7model_full/crc/2C_numeric_smiles_context/FTTransformer/groupcv
DL,crc,2C_numeric_smiles_context,FTTransformer,unseen_drug,0.4479075074195862,0.0,warning,results/20260424_multicancer_stad_protocol_rerun/step4_models/fs_a_stad_baseline/dl_step4_2_7model_full/crc/2C_numeric_smiles_context/FTTransformer/unseen_drug
DL,crc,2C_numeric_smiles_context,TabNet,scaffoldcv,0.4777062237262726,0.07731334120035172,warning,results/20260424_multicancer_stad_protocol_rerun/step4_models/fs_a_stad_baseline/dl_step4_2_7model_full/crc/2C_numeric_smiles_context/TabNet/scaffoldcv
DL,crc,2C_numeric_smiles_context,TabNet,groupcv,0.4397512376308441,0.03885906934738159,warning,results/20260424_multicancer_stad_protocol_rerun/step4_models/fs_a_stad_baseline/dl_step4_2_7model_full/crc/2C_numeric_smiles_context/TabNet/groupcv
DL,crc,2C_numeric_smiles_context,TabNet,unseen_drug,0.5445712208747864,0.0,severe,results/20260424_multicancer_stad_protocol_rerun/step4_models/fs_a_stad_baseline/dl_step4_2_7model_full/crc/2C_numeric_smiles_context/TabNet/unseen_drug
DL,crc,2C_numeric_smiles_context,ResidualMLP,scaffoldcv,0.41925254464149475,0.09997270256280899,warning,results/20260424_multicancer_stad_protocol_rerun/step4_models/fs_a_stad_baseline/dl_step4_2_7model_full/crc/2C_numeric_smiles_context/ResidualMLP/scaffoldcv
DL,crc,2C_numeric_smiles_context,ResidualMLP,groupcv,0.3213099539279938,0.0577031634747982,warning,results/20260424_multicancer_stad_protocol_rerun/step4_models/fs_a_stad_baseline/dl_step4_2_7model_full/crc/2C_numeric_smiles_context/ResidualMLP/groupcv
DL,crc,2C_numeric_smiles_context,ResidualMLP,unseen_drug,0.5017604827880859,0.0,severe,results/20260424_multicancer_stad_protocol_rerun/step4_models/fs_a_stad_baseline/dl_step4_2_7model_full/crc/2C_numeric_smiles_context/ResidualMLP/unseen_drug
DL,crc,2C_numeric_smiles_context,CrossAttention,scaffoldcv,0.4390900135040283,0.07999635487794876,warning,results/20260424_multicancer_stad_protocol_rerun/step4_models/fs_a_stad_baseline/dl_step4_2_7model_full/crc/2C_numeric_smiles_context/CrossAttention/scaffoldcv
DL,crc,2C_numeric_smiles_context,CrossAttention,groupcv,0.34761500358581543,0.06554043292999268,warning,results/20260424_multicancer_stad_protocol_rerun/step4_models/fs_a_stad_baseline/dl_step4_2_7model_full/crc/2C_numeric_smiles_context/CrossAttention/groupcv
DL,crc,2C_numeric_smiles_context,CrossAttention,unseen_drug,0.519580602645874,0.0,severe,results/20260424_multicancer_stad_protocol_rerun/step4_models/fs_a_stad_baseline/dl_step4_2_7model_full/crc/2C_numeric_smiles_context/CrossAttention/unseen_drug
DL,crc,2C_numeric_smiles_context,FlatMLP,scaffoldcv,0.44391775131225586,0.0797705128788948,warning,results/20260424_multicancer_stad_protocol_rerun/step4_models/fs_a_stad_baseline/dl_step4_2_7model_full/crc/2C_numeric_smiles_context/FlatMLP/scaffoldcv
DL,crc,2C_numeric_smiles_context,FlatMLP,groupcv,0.3610282838344574,0.06443827599287033,warning,results/20260424_multicancer_stad_protocol_rerun/step4_models/fs_a_stad_baseline/dl_step4_2_7model_full/crc/2C_numeric_smiles_context/FlatMLP/groupcv
DL,crc,2C_numeric_smiles_context,FlatMLP,unseen_drug,0.5273093581199646,0.0,severe,results/20260424_multicancer_stad_protocol_rerun/step4_models/fs_a_stad_baseline/dl_step4_2_7model_full/crc/2C_numeric_smiles_context/FlatMLP/unseen_drug
DL,crc,2B_numeric_smiles,WideDeep,scaffoldcv,0.45961642265319824,0.07982441782951355,warning,results/20260424_multicancer_stad_protocol_rerun/step4_models/fs_a_stad_baseline/dl_step4_2_7model_full/crc/2B_numeric_smiles/WideDeep/scaffoldcv
DL,crc,2B_numeric_smiles,WideDeep,groupcv,0.3712422847747803,0.054132599383592606,warning,results/20260424_multicancer_stad_protocol_rerun/step4_models/fs_a_stad_baseline/dl_step4_2_7model_full/crc/2B_numeric_smiles/WideDeep/groupcv
DL,crc,2B_numeric_smiles,WideDeep,unseen_drug,0.528934121131897,0.0,severe,results/20260424_multicancer_stad_protocol_rerun/step4_models/fs_a_stad_baseline/dl_step4_2_7model_full/crc/2B_numeric_smiles/WideDeep/unseen_drug
DL,crc,2B_numeric_smiles,TabTransformer,scaffoldcv,0.4391450881958008,0.10679290443658829,severe,results/20260424_multicancer_stad_protocol_rerun/step4_models/fs_a_stad_baseline/dl_step4_2_7model_full/crc/2B_numeric_smiles/TabTransformer/scaffoldcv
DL,crc,2B_numeric_smiles,TabTransformer,groupcv,0.34769967198371887,0.09687789529561996,warning,results/20260424_multicancer_stad_protocol_rerun/step4_models/fs_a_stad_baseline/dl_step4_2_7model_full/crc/2B_numeric_smiles/TabTransformer/groupcv
DL,crc,2B_numeric_smiles,TabTransformer,unseen_drug,0.5020352602005005,0.0,severe,results/20260424_multicancer_stad_protocol_rerun/step4_models/fs_a_stad_baseline/dl_step4_2_7model_full/crc/2B_numeric_smiles/TabTransformer/unseen_drug
DL,crc,2B_numeric_smiles,FTTransformer,scaffoldcv,0.43711891770362854,0.09300265461206436,warning,results/20260424_multicancer_stad_protocol_rerun/step4_models/fs_a_stad_baseline/dl_step4_2_7model_full/crc/2B_numeric_smiles/FTTransformer/scaffoldcv
DL,crc,2B_numeric_smiles,FTTransformer,groupcv,0.34765782952308655,0.06819334626197815,warning,results/20260424_multicancer_stad_protocol_rerun/step4_models/fs_a_stad_baseline/dl_step4_2_7model_full/crc/2B_numeric_smiles/FTTransformer/groupcv
DL,crc,2B_numeric_smiles,FTTransformer,unseen_drug,0.4890111982822418,0.0,warning,results/20260424_multicancer_stad_protocol_rerun/step4_models/fs_a_stad_baseline/dl_step4_2_7model_full/crc/2B_numeric_smiles/FTTransformer/unseen_drug
DL,crc,2B_numeric_smiles,TabNet,scaffoldcv,0.47882571816444397,0.08425795286893845,warning,results/20260424_multicancer_stad_protocol_rerun/step4_models/fs_a_stad_baseline/dl_step4_2_7model_full/crc/2B_numeric_smiles/TabNet/scaffoldcv
DL,crc,2B_numeric_smiles,TabNet,groupcv,0.43159499764442444,0.05741634592413902,warning,results/20260424_multicancer_stad_protocol_rerun/step4_models/fs_a_stad_baseline/dl_step4_2_7model_full/crc/2B_numeric_smiles/TabNet/groupcv
DL,crc,2B_numeric_smiles,TabNet,unseen_drug,0.5166935920715332,0.0,severe,results/20260424_multicancer_stad_protocol_rerun/step4_models/fs_a_stad_baseline/dl_step4_2_7model_full/crc/2B_numeric_smiles/TabNet/unseen_drug
DL,crc,2B_numeric_smiles,ResidualMLP,scaffoldcv,0.4427642822265625,0.08170048147439957,warning,results/20260424_multicancer_stad_protocol_rerun/step4_models/fs_a_stad_baseline/dl_step4_2_7model_full/crc/2B_numeric_smiles/ResidualMLP/scaffoldcv
DL,crc,2B_numeric_smiles,ResidualMLP,groupcv,0.3500574827194214,0.0748150646686554,warning,results/20260424_multicancer_stad_protocol_rerun/step4_models/fs_a_stad_baseline/dl_step4_2_7model_full/crc/2B_numeric_smiles/ResidualMLP/groupcv
DL,crc,2B_numeric_smiles,ResidualMLP,unseen_drug,0.5219846963882446,0.0,severe,results/20260424_multicancer_stad_protocol_rerun/step4_models/fs_a_stad_baseline/dl_step4_2_7model_full/crc/2B_numeric_smiles/ResidualMLP/unseen_drug
DL,crc,2B_numeric_smiles,CrossAttention,scaffoldcv,0.45857691764831543,0.07215161621570587,warning,results/20260424_multicancer_stad_protocol_rerun/step4_models/fs_a_stad_baseline/dl_step4_2_7model_full/crc/2B_numeric_smiles/CrossAttention/scaffoldcv
DL,crc,2B_numeric_smiles,CrossAttention,groupcv,0.37508276104927063,0.0568288117647171,warning,results/20260424_multicancer_stad_protocol_rerun/step4_models/fs_a_stad_baseline/dl_step4_2_7model_full/crc/2B_numeric_smiles/CrossAttention/groupcv
DL,crc,2B_numeric_smiles,CrossAttention,unseen_drug,0.5235995054244995,0.0,severe,results/20260424_multicancer_stad_protocol_rerun/step4_models/fs_a_stad_baseline/dl_step4_2_7model_full/crc/2B_numeric_smiles/CrossAttention/unseen_drug
DL,crc,2B_numeric_smiles,FlatMLP,scaffoldcv,0.4626287519931793,0.06707165390253067,warning,results/20260424_multicancer_stad_protocol_rerun/step4_models/fs_a_stad_baseline/dl_step4_2_7model_full/crc/2B_numeric_smiles/FlatMLP/scaffoldcv
DL,crc,2B_numeric_smiles,FlatMLP,groupcv,0.37100860476493835,0.065871462225914,warning,results/20260424_multicancer_stad_protocol_rerun/step4_models/fs_a_stad_baseline/dl_step4_2_7model_full/crc/2B_numeric_smiles/FlatMLP/groupcv
DL,crc,2B_numeric_smiles,FlatMLP,unseen_drug,0.5453941822052002,0.0,severe,results/20260424_multicancer_stad_protocol_rerun/step4_models/fs_a_stad_baseline/dl_step4_2_7model_full/crc/2B_numeric_smiles/FlatMLP/unseen_drug
Graph,stad,2C_numeric_smiles_context,GAT,scaffoldcv,0.4791538715362549,0.04844413697719574,warning,results/20260424_multicancer_stad_protocol_rerun/step4_models/fs_a_stad_baseline/graph_step4_3_2model_full/stad/2C_numeric_smiles_context/GAT/scaffoldcv
Graph,stad,2C_numeric_smiles_context,GAT,groupcv,0.5710033178329468,0.08779098093509674,severe,results/20260424_multicancer_stad_protocol_rerun/step4_models/fs_a_stad_baseline/graph_step4_3_2model_full/stad/2C_numeric_smiles_context/GAT/groupcv
Graph,stad,2C_numeric_smiles_context,GAT,unseen_drug,0.543738842010498,0.0,severe,results/20260424_multicancer_stad_protocol_rerun/step4_models/fs_a_stad_baseline/graph_step4_3_2model_full/stad/2C_numeric_smiles_context/GAT/unseen_drug
Graph,stad,2C_numeric_smiles_context,GraphSAGE,scaffoldcv,0.47188958525657654,0.05142911151051521,warning,results/20260424_multicancer_stad_protocol_rerun/step4_models/fs_a_stad_baseline/graph_step4_3_2model_full/stad/2C_numeric_smiles_context/GraphSAGE/scaffoldcv
Graph,stad,2C_numeric_smiles_context,GraphSAGE,groupcv,0.45191577076911926,0.09233378618955612,warning,results/20260424_multicancer_stad_protocol_rerun/step4_models/fs_a_stad_baseline/graph_step4_3_2model_full/stad/2C_numeric_smiles_context/GraphSAGE/groupcv
Graph,stad,2C_numeric_smiles_context,GraphSAGE,unseen_drug,0.4879246950149536,0.0,warning,results/20260424_multicancer_stad_protocol_rerun/step4_models/fs_a_stad_baseline/graph_step4_3_2model_full/stad/2C_numeric_smiles_context/GraphSAGE/unseen_drug
Graph,stad,2B_numeric_smiles,GAT,scaffoldcv,0.5561559796333313,0.0343109630048275,severe,results/20260424_multicancer_stad_protocol_rerun/step4_models/fs_a_stad_baseline/graph_step4_3_2model_full/stad/2B_numeric_smiles/GAT/scaffoldcv
Graph,stad,2B_numeric_smiles,GAT,groupcv,0.5534484386444092,0.05557175725698471,severe,results/20260424_multicancer_stad_protocol_rerun/step4_models/fs_a_stad_baseline/graph_step4_3_2model_full/stad/2B_numeric_smiles/GAT/groupcv
Graph,stad,2B_numeric_smiles,GAT,unseen_drug,0.6605987548828125,0.0,severe,results/20260424_multicancer_stad_protocol_rerun/step4_models/fs_a_stad_baseline/graph_step4_3_2model_full/stad/2B_numeric_smiles/GAT/unseen_drug
Graph,stad,2B_numeric_smiles,GraphSAGE,scaffoldcv,0.5058683156967163,0.06791585683822632,severe,results/20260424_multicancer_stad_protocol_rerun/step4_models/fs_a_stad_baseline/graph_step4_3_2model_full/stad/2B_numeric_smiles/GraphSAGE/scaffoldcv
Graph,stad,2B_numeric_smiles,GraphSAGE,groupcv,0.5244254469871521,0.10069569200277328,severe,results/20260424_multicancer_stad_protocol_rerun/step4_models/fs_a_stad_baseline/graph_step4_3_2model_full/stad/2B_numeric_smiles/GraphSAGE/groupcv
Graph,stad,2B_numeric_smiles,GraphSAGE,unseen_drug,0.4381212294101715,0.0,warning,results/20260424_multicancer_stad_protocol_rerun/step4_models/fs_a_stad_baseline/graph_step4_3_2model_full/stad/2B_numeric_smiles/GraphSAGE/unseen_drug
Graph,brca,2C_numeric_smiles_context,GAT,scaffoldcv,0.4684540033340454,0.010929102078080177,warning,results/20260424_multicancer_stad_protocol_rerun/step4_models/fs_a_stad_baseline/graph_step4_3_2model_full/brca/2C_numeric_smiles_context/GAT/scaffoldcv
Graph,brca,2C_numeric_smiles_context,GAT,groupcv,0.5396418571472168,0.0984235629439354,severe,results/20260424_multicancer_stad_protocol_rerun/step4_models/fs_a_stad_baseline/graph_step4_3_2model_full/brca/2C_numeric_smiles_context/GAT/groupcv
Graph,brca,2C_numeric_smiles_context,GAT,unseen_drug,0.48136019706726074,0.0,warning,results/20260424_multicancer_stad_protocol_rerun/step4_models/fs_a_stad_baseline/graph_step4_3_2model_full/brca/2C_numeric_smiles_context/GAT/unseen_drug
Graph,brca,2C_numeric_smiles_context,GraphSAGE,scaffoldcv,0.3951963186264038,0.10818560421466827,severe,results/20260424_multicancer_stad_protocol_rerun/step4_models/fs_a_stad_baseline/graph_step4_3_2model_full/brca/2C_numeric_smiles_context/GraphSAGE/scaffoldcv
Graph,brca,2C_numeric_smiles_context,GraphSAGE,groupcv,0.45426812767982483,0.11408757418394089,severe,results/20260424_multicancer_stad_protocol_rerun/step4_models/fs_a_stad_baseline/graph_step4_3_2model_full/brca/2C_numeric_smiles_context/GraphSAGE/groupcv
Graph,brca,2C_numeric_smiles_context,GraphSAGE,unseen_drug,0.4260614812374115,0.0,warning,results/20260424_multicancer_stad_protocol_rerun/step4_models/fs_a_stad_baseline/graph_step4_3_2model_full/brca/2C_numeric_smiles_context/GraphSAGE/unseen_drug
Graph,brca,2B_numeric_smiles,GAT,scaffoldcv,0.50927734375,0.07259183377027512,severe,results/20260424_multicancer_stad_protocol_rerun/step4_models/fs_a_stad_baseline/graph_step4_3_2model_full/brca/2B_numeric_smiles/GAT/scaffoldcv
Graph,brca,2B_numeric_smiles,GAT,groupcv,0.5351182818412781,0.10133934020996094,severe,results/20260424_multicancer_stad_protocol_rerun/step4_models/fs_a_stad_baseline/graph_step4_3_2model_full/brca/2B_numeric_smiles/GAT/groupcv
Graph,brca,2B_numeric_smiles,GAT,unseen_drug,0.5422371029853821,0.0,severe,results/20260424_multicancer_stad_protocol_rerun/step4_models/fs_a_stad_baseline/graph_step4_3_2model_full/brca/2B_numeric_smiles/GAT/unseen_drug
Graph,brca,2B_numeric_smiles,GraphSAGE,scaffoldcv,0.39729297161102295,0.08011648803949356,warning,results/20260424_multicancer_stad_protocol_rerun/step4_models/fs_a_stad_baseline/graph_step4_3_2model_full/brca/2B_numeric_smiles/GraphSAGE/scaffoldcv
Graph,brca,2B_numeric_smiles,GraphSAGE,groupcv,0.44499292969703674,0.0864347368478775,warning,results/20260424_multicancer_stad_protocol_rerun/step4_models/fs_a_stad_baseline/graph_step4_3_2model_full/brca/2B_numeric_smiles/GraphSAGE/groupcv
Graph,brca,2B_numeric_smiles,GraphSAGE,unseen_drug,0.3879230320453644,0.0,warning,results/20260424_multicancer_stad_protocol_rerun/step4_models/fs_a_stad_baseline/graph_step4_3_2model_full/brca/2B_numeric_smiles/GraphSAGE/unseen_drug
Graph,crc,2C_numeric_smiles_context,GAT,scaffoldcv,0.48812928795814514,0.10099687427282333,severe,results/20260424_multicancer_stad_protocol_rerun/step4_models/fs_a_stad_baseline/graph_step4_3_2model_full/crc/2C_numeric_smiles_context/GAT/scaffoldcv
Graph,crc,2C_numeric_smiles_context,GAT,groupcv,0.4307946264743805,0.10974393784999847,severe,results/20260424_multicancer_stad_protocol_rerun/step4_models/fs_a_stad_baseline/graph_step4_3_2model_full/crc/2C_numeric_smiles_context/GAT/groupcv
Graph,crc,2C_numeric_smiles_context,GAT,unseen_drug,0.4218016564846039,0.0,warning,results/20260424_multicancer_stad_protocol_rerun/step4_models/fs_a_stad_baseline/graph_step4_3_2model_full/crc/2C_numeric_smiles_context/GAT/unseen_drug
Graph,crc,2C_numeric_smiles_context,GraphSAGE,scaffoldcv,0.5073921084403992,0.09190181642770767,severe,results/20260424_multicancer_stad_protocol_rerun/step4_models/fs_a_stad_baseline/graph_step4_3_2model_full/crc/2C_numeric_smiles_context/GraphSAGE/scaffoldcv
Graph,crc,2C_numeric_smiles_context,GraphSAGE,groupcv,0.40428924560546875,0.052507005631923676,warning,results/20260424_multicancer_stad_protocol_rerun/step4_models/fs_a_stad_baseline/graph_step4_3_2model_full/crc/2C_numeric_smiles_context/GraphSAGE/groupcv
Graph,crc,2C_numeric_smiles_context,GraphSAGE,unseen_drug,0.45897525548934937,0.0,warning,results/20260424_multicancer_stad_protocol_rerun/step4_models/fs_a_stad_baseline/graph_step4_3_2model_full/crc/2C_numeric_smiles_context/GraphSAGE/unseen_drug
Graph,crc,2C_numeric_smiles_context,GraphSAGE,cv,0.014645715244114399,0.06035686284303665,warning,results/20260424_multicancer_stad_protocol_rerun/step4_models/fs_a_stad_baseline/graph_step4_3_2model_full/crc/2C_numeric_smiles_context/GraphSAGE/cv
Graph,crc,2B_numeric_smiles,GAT,scaffoldcv,0.5601179003715515,0.07044614106416702,severe,results/20260424_multicancer_stad_protocol_rerun/step4_models/fs_a_stad_baseline/graph_step4_3_2model_full/crc/2B_numeric_smiles/GAT/scaffoldcv
Graph,crc,2B_numeric_smiles,GAT,groupcv,0.4301992952823639,0.10723639279603958,severe,results/20260424_multicancer_stad_protocol_rerun/step4_models/fs_a_stad_baseline/graph_step4_3_2model_full/crc/2B_numeric_smiles/GAT/groupcv
Graph,crc,2B_numeric_smiles,GAT,unseen_drug,0.493244469165802,0.0,warning,results/20260424_multicancer_stad_protocol_rerun/step4_models/fs_a_stad_baseline/graph_step4_3_2model_full/crc/2B_numeric_smiles/GAT/unseen_drug
Graph,crc,2B_numeric_smiles,GraphSAGE,scaffoldcv,0.4708019196987152,0.034346092492341995,warning,results/20260424_multicancer_stad_protocol_rerun/step4_models/fs_a_stad_baseline/graph_step4_3_2model_full/crc/2B_numeric_smiles/GraphSAGE/scaffoldcv
Graph,crc,2B_numeric_smiles,GraphSAGE,groupcv,0.42612385749816895,0.05225513130426407,warning,results/20260424_multicancer_stad_protocol_rerun/step4_models/fs_a_stad_baseline/graph_step4_3_2model_full/crc/2B_numeric_smiles/GraphSAGE/groupcv
Graph,crc,2B_numeric_smiles,GraphSAGE,unseen_drug,0.46013227105140686,0.0,warning,results/20260424_multicancer_stad_protocol_rerun/step4_models/fs_a_stad_baseline/graph_step4_3_2model_full/crc/2B_numeric_smiles/GraphSAGE/unseen_drug
