cancer,final_rank_by_cancer,final_rank_overall,canonical_drug_id,drug_name,score_approved_ind,score_clinical_trial,n_clinicaltrials_studies_total,fda_approved_cancer_based,fda_approved_gastric_proxy,admet_status_22assay,drug_repurposing_category,recommendation_stage_code,recommendation_stage_label_ko,recommendation_stage_rule,repurposing_tier3_code,repurposing_tier3_ko,repurposing_tier3_rule,final_priority_score,final_recommendation_tier,admet_tier,ev_composite_0_10
brca,1,1,1375,Temozolomide,2,2,21,True,True,WARNING,current_use_same_cancer,stage3_exploratory_supportive,3단계 약물,ADMET_WARNING,legacy_recomputed,legacy_recomputed,replaced_by_protocol_stage,0.6200000000000001,Priority 2,D,8.0
brca,2,2,1089,Oxaliplatin,2,2,49,True,True,WARNING,current_use_same_cancer,stage3_exploratory_supportive,3단계 약물,ADMET_WARNING,legacy_recomputed,legacy_recomputed,replaced_by_protocol_stage,0.7250000000000001,Priority 1,C,8.0
brca,3,3,1806,Oxaliplatin,2,2,49,True,True,WARNING,current_use_same_cancer,stage3_exploratory_supportive,3단계 약물,ADMET_WARNING,legacy_recomputed,legacy_recomputed,replaced_by_protocol_stage,0.7250000000000001,Priority 1,C,8.0
brca,4,4,1507,Ruxolitinib,2,2,12,True,True,PASS,current_use_same_cancer,stage1_transition_standard,1단계 약물,ADMET_PASS_and_(FDA_APPROVED_GASTRIC_PROXY_or_CT>=3),legacy_recomputed,legacy_recomputed,replaced_by_protocol_stage,0.66,Priority 2,C,7.0
brca,5,5,1847,BEN,2,0,0,False,False,WARNING,indication_expansion_candidate,stage3_exploratory_supportive,3단계 약물,ADMET_WARNING,legacy_recomputed,legacy_recomputed,replaced_by_protocol_stage,0.8049999999999999,Priority 1,A,6.0
brca,6,6,1373,Dabrafenib,2,1,2,True,True,WARNING,current_use_same_cancer,stage3_exploratory_supportive,3단계 약물,ADMET_WARNING,legacy_recomputed,legacy_recomputed,replaced_by_protocol_stage,0.36,Backup,D,4.0
brca,7,7,1073,5-Fluorouracil,0,2,190,False,False,WARNING,indication_expansion_candidate,stage3_exploratory_supportive,3단계 약물,ADMET_WARNING,legacy_recomputed,legacy_recomputed,replaced_by_protocol_stage,0.4,Backup,C,3.0
brca,8,8,1177,Niraparib,0,2,29,False,False,WARNING,indication_expansion_candidate,stage3_exploratory_supportive,3단계 약물,ADMET_WARNING,legacy_recomputed,legacy_recomputed,replaced_by_protocol_stage,0.23,Backup,D,2.0
brca,9,9,1736,Selumetinib,0,2,12,False,False,PASS,indication_expansion_candidate,stage1_transition_standard,1단계 약물,ADMET_PASS_and_(FDA_APPROVED_GASTRIC_PROXY_or_CT>=3),legacy_recomputed,legacy_recomputed,replaced_by_protocol_stage,0.23,Backup,D,2.0
brca,10,10,2438,ascorbate (vitamin C),0,1,1,False,False,WARNING,indication_expansion_candidate,stage3_exploratory_supportive,3단계 약물,ADMET_WARNING,legacy_recomputed,legacy_recomputed,replaced_by_protocol_stage,0.375,Backup,B,1.0
brca,11,11,1629,ML323,0,0,0,False,False,WARNING,needs_manual_review,stage3_exploratory_supportive,3단계 약물,ADMET_WARNING,legacy_recomputed,legacy_recomputed,replaced_by_protocol_stage,0.165,Hold,D,1.0
brca,12,12,1925,GDC0810,0,1,4,False,False,WARNING,indication_expansion_candidate,stage3_exploratory_supportive,3단계 약물,ADMET_WARNING,legacy_recomputed,legacy_recomputed,replaced_by_protocol_stage,0.27,Backup,C,1.0
brca,13,13,1615,CZC24832,0,0,0,False,False,WARNING,needs_manual_review,stage3_exploratory_supportive,3단계 약물,ADMET_WARNING,legacy_recomputed,legacy_recomputed,replaced_by_protocol_stage,0.0,3단계 약물,WARNING,0.0
brca,14,14,2360,THR-101,0,0,0,False,False,PASS,needs_manual_review,stage2_evidence_review,2단계 약물,ADMET_PASS_and_not_stage1,legacy_recomputed,legacy_recomputed,replaced_by_protocol_stage,0.205,Backup,C,0.0
brca,15,15,1237,EPZ004777,0,0,0,False,False,WARNING,needs_manual_review,stage3_exploratory_supportive,3단계 약물,ADMET_WARNING,legacy_recomputed,legacy_recomputed,replaced_by_protocol_stage,0.0,3단계 약물,WARNING,0.0
crc,1,1,1813,Fludarabine,2,2,53,True,True,WARNING,current_use_same_cancer,stage3_exploratory_supportive,3단계 약물,ADMET_WARNING,legacy_recomputed,legacy_recomputed,replaced_by_protocol_stage,0.685,Priority 1,D,9.0
crc,2,2,1512,Cyclophosphamide,2,2,85,True,True,WARNING,current_use_same_cancer,stage3_exploratory_supportive,3단계 약물,ADMET_WARNING,legacy_recomputed,legacy_recomputed,replaced_by_protocol_stage,0.7250000000000001,Priority 1,C,8.0
crc,3,3,1020,Lenalidomide,2,2,7,True,True,PASS,current_use_same_cancer,stage1_transition_standard,1단계 약물,ADMET_PASS_and_(FDA_APPROVED_GASTRIC_PROXY_or_CT>=3),legacy_recomputed,legacy_recomputed,replaced_by_protocol_stage,0.7250000000000001,Priority 1,C,8.0
crc,4,4,2043,BIBR-1532,0,0,0,False,False,WARNING,needs_manual_review,stage3_exploratory_supportive,3단계 약물,ADMET_WARNING,legacy_recomputed,legacy_recomputed,replaced_by_protocol_stage,0.4,Backup,C,3.0
crc,5,5,1005,Cisplatin,0,2,80,False,False,WARNING,indication_expansion_candidate,stage3_exploratory_supportive,3단계 약물,ADMET_WARNING,legacy_recomputed,legacy_recomputed,replaced_by_protocol_stage,0.3349999999999999,Backup,C,2.0
crc,6,6,2498,alpha-lipoic acid,0,1,2,False,False,WARNING,indication_expansion_candidate,stage3_exploratory_supportive,3단계 약물,ADMET_WARNING,legacy_recomputed,legacy_recomputed,replaced_by_protocol_stage,0.48,Watchlist,A,1.0
crc,7,7,1931,MIRA-1,0,0,0,False,False,WARNING,needs_manual_review,stage3_exploratory_supportive,3단계 약물,ADMET_WARNING,legacy_recomputed,legacy_recomputed,replaced_by_protocol_stage,0.27,Backup,C,1.0
crc,8,8,1557,LCL161,0,1,1,False,False,WARNING,indication_expansion_candidate,stage3_exploratory_supportive,3단계 약물,ADMET_WARNING,legacy_recomputed,legacy_recomputed,replaced_by_protocol_stage,0.165,Hold,D,1.0
crc,9,9,1017,Olaparib,0,1,8,False,False,PASS,indication_expansion_candidate,stage1_transition_standard,1단계 약물,ADMET_PASS_and_(FDA_APPROVED_GASTRIC_PROXY_or_CT>=3),legacy_recomputed,legacy_recomputed,replaced_by_protocol_stage,0.27,Backup,C,1.0
crc,10,10,1799,Ibrutinib,0,1,2,False,False,WARNING,indication_expansion_candidate,stage3_exploratory_supportive,3단계 약물,ADMET_WARNING,legacy_recomputed,legacy_recomputed,replaced_by_protocol_stage,0.165,Hold,D,1.0
crc,11,11,1802,Zoledronate,0,1,1,False,False,WARNING,needs_manual_review,stage3_exploratory_supportive,3단계 약물,ADMET_WARNING,legacy_recomputed,legacy_recomputed,replaced_by_protocol_stage,1.0,3단계 약물,WARNING,1.0
crc,12,12,1598,LGK974,0,1,2,False,False,WARNING,needs_manual_review,stage3_exploratory_supportive,3단계 약물,ADMET_WARNING,legacy_recomputed,legacy_recomputed,replaced_by_protocol_stage,1.0,3단계 약물,WARNING,1.0
crc,13,13,1175,Rucaparib,0,1,3,False,False,PASS,indication_expansion_candidate,stage1_transition_standard,1단계 약물,ADMET_PASS_and_(FDA_APPROVED_GASTRIC_PROXY_or_CT>=3),legacy_recomputed,legacy_recomputed,replaced_by_protocol_stage,0.165,Hold,D,1.0
crc,14,14,2359,GSK2830371,0,0,0,False,False,WARNING,needs_manual_review,stage3_exploratory_supportive,3단계 약물,ADMET_WARNING,legacy_recomputed,legacy_recomputed,replaced_by_protocol_stage,0.0,3단계 약물,WARNING,0.0
crc,15,15,1131,PRIMA-1MET,0,0,0,False,False,WARNING,needs_manual_review,stage3_exploratory_supportive,3단계 약물,ADMET_WARNING,legacy_recomputed,legacy_recomputed,replaced_by_protocol_stage,0.0,3단계 약물,WARNING,0.0
luad,1,1,1578,Leflunomide,2,1,1,True,True,WARNING,current_use_same_cancer,stage3_exploratory_supportive,3단계 약물,ADMET_WARNING,legacy_recomputed,legacy_recomputed,replaced_by_protocol_stage,0.66,Priority 2,C,7.0
luad,2,2,1018,Veliparib,1,2,15,False,False,WARNING,indication_expansion_candidate,stage3_exploratory_supportive,3단계 약물,ADMET_WARNING,legacy_recomputed,legacy_recomputed,replaced_by_protocol_stage,0.7,Priority 1,B,6.0
luad,3,3,1814,Nelarabine,2,0,0,False,False,WARNING,indication_expansion_candidate,stage3_exploratory_supportive,3단계 약물,ADMET_WARNING,legacy_recomputed,legacy_recomputed,replaced_by_protocol_stage,0.425,Backup,D,5.0
luad,4,4,2499,N-acetyl cysteine,0,2,6,False,False,WARNING,indication_expansion_candidate,stage3_exploratory_supportive,3단계 약물,ADMET_WARNING,legacy_recomputed,legacy_recomputed,replaced_by_protocol_stage,0.57,Watchlist,B,4.0
luad,5,5,1067,CCT007093,0,0,0,False,False,WARNING,needs_manual_review,stage3_exploratory_supportive,3단계 약물,ADMET_WARNING,legacy_recomputed,legacy_recomputed,replaced_by_protocol_stage,0.23,Backup,D,2.0
luad,6,6,1043,JNK Inhibitor VIII,0,0,0,False,False,PASS,needs_manual_review,stage2_evidence_review,2단계 약물,ADMET_PASS_and_not_stage1,legacy_recomputed,legacy_recomputed,replaced_by_protocol_stage,0.27,Backup,C,1.0
luad,7,7,1853,OF-1,0,2,120,False,False,WARNING,indication_expansion_candidate,stage3_exploratory_supportive,3단계 약물,ADMET_WARNING,legacy_recomputed,legacy_recomputed,replaced_by_protocol_stage,0.27,Backup,C,1.0
luad,8,8,1816,Fulvestrant,0,2,24,False,False,WARNING,indication_expansion_candidate,stage3_exploratory_supportive,3단계 약물,ADMET_WARNING,legacy_recomputed,legacy_recomputed,replaced_by_protocol_stage,0.375,Backup,B,1.0
luad,9,9,1200,Fulvestrant,0,2,24,False,False,WARNING,indication_expansion_candidate,stage3_exploratory_supportive,3단계 약물,ADMET_WARNING,legacy_recomputed,legacy_recomputed,replaced_by_protocol_stage,0.375,Backup,B,1.0
luad,10,10,1620,PFI3,0,0,0,False,False,WARNING,needs_manual_review,stage3_exploratory_supportive,3단계 약물,ADMET_WARNING,legacy_recomputed,legacy_recomputed,replaced_by_protocol_stage,0.205,Backup,C,0.0
luad,11,11,2057,Remodelin,0,0,0,False,False,WARNING,needs_manual_review,stage3_exploratory_supportive,3단계 약물,ADMET_WARNING,legacy_recomputed,legacy_recomputed,replaced_by_protocol_stage,0.0,3단계 약물,WARNING,0.0
luad,12,12,2107,LJI308,0,0,0,False,False,WARNING,needs_manual_review,stage3_exploratory_supportive,3단계 약물,ADMET_WARNING,legacy_recomputed,legacy_recomputed,replaced_by_protocol_stage,0.0,3단계 약물,WARNING,0.0
luad,13,13,1199,Tamoxifen,0,1,4,False,False,WARNING,needs_manual_review,stage3_exploratory_supportive,3단계 약물,ADMET_WARNING,legacy_recomputed,legacy_recomputed,replaced_by_protocol_stage,0.0,3단계 약물,WARNING,0.0
luad,14,14,1510,Linsitinib,0,1,6,False,False,PASS,indication_expansion_candidate,stage1_transition_standard,1단계 약물,ADMET_PASS_and_(FDA_APPROVED_GASTRIC_PROXY_or_CT>=3),legacy_recomputed,legacy_recomputed,replaced_by_protocol_stage,0.1,Hold,D,0.0
luad,15,15,2113,VTP-B,0,1,1,False,False,WARNING,needs_manual_review,stage3_exploratory_supportive,3단계 약물,ADMET_WARNING,legacy_recomputed,legacy_recomputed,replaced_by_protocol_stage,0.0,3단계 약물,WARNING,0.0
stad,1,1,1815,Dacarbazine,2,2,9,True,True,WARNING,current_use_same_cancer,stage3_exploratory_supportive,3단계 약물,ADMET_WARNING,legacy_recomputed,legacy_recomputed,replaced_by_protocol_stage,0.6200000000000001,Priority 2,D,8.0
stad,2,2,1029,Motesanib,1,0,0,False,False,PASS,indication_expansion_candidate,stage2_evidence_review,2단계 약물,ADMET_PASS_and_not_stage1,legacy_recomputed,legacy_recomputed,replaced_by_protocol_stage,0.6200000000000001,Priority 2,D,8.0
stad,3,3,1009,Tretinoin,2,0,0,False,False,WARNING,indication_expansion_candidate,stage3_exploratory_supportive,3단계 약물,ADMET_WARNING,legacy_recomputed,legacy_recomputed,replaced_by_protocol_stage,0.7,Priority 1,B,6.0
stad,4,4,1042,Doramapimod,1,0,0,False,False,WARNING,indication_expansion_candidate,stage3_exploratory_supportive,3단계 약물,ADMET_WARNING,legacy_recomputed,legacy_recomputed,replaced_by_protocol_stage,0.425,Backup,D,5.0
stad,5,5,2439,glutathione,0,0,0,False,False,WARNING,needs_manual_review,stage3_exploratory_supportive,3단계 약물,ADMET_WARNING,legacy_recomputed,legacy_recomputed,replaced_by_protocol_stage,0.4,Backup,C,3.0
stad,6,6,1030,KU-55933,0,0,0,False,False,WARNING,needs_manual_review,stage3_exploratory_supportive,3단계 약물,ADMET_WARNING,legacy_recomputed,legacy_recomputed,replaced_by_protocol_stage,0.4,Backup,C,3.0
stad,7,7,1033,Vismodegib,0,1,3,False,False,WARNING,indication_expansion_candidate,stage3_exploratory_supportive,3단계 약물,ADMET_WARNING,legacy_recomputed,legacy_recomputed,replaced_by_protocol_stage,0.27,Backup,C,1.0
stad,8,8,1549,Sapitinib,0,1,1,False,False,WARNING,indication_expansion_candidate,stage3_exploratory_supportive,3단계 약물,ADMET_WARNING,legacy_recomputed,legacy_recomputed,replaced_by_protocol_stage,0.165,Hold,D,1.0
stad,9,9,1013,Nilotinib,0,1,1,False,False,WARNING,indication_expansion_candidate,stage3_exploratory_supportive,3단계 약물,ADMET_WARNING,legacy_recomputed,legacy_recomputed,replaced_by_protocol_stage,0.165,Hold,D,1.0
stad,10,10,1918,AZD8186,0,1,1,False,False,WARNING,indication_expansion_candidate,stage3_exploratory_supportive,3단계 약물,ADMET_WARNING,legacy_recomputed,legacy_recomputed,replaced_by_protocol_stage,0.165,Hold,D,1.0
stad,11,11,1025,SB216763,0,0,0,False,False,WARNING,needs_manual_review,stage3_exploratory_supportive,3단계 약물,ADMET_WARNING,legacy_recomputed,legacy_recomputed,replaced_by_protocol_stage,0.205,Backup,C,0.0
stad,12,12,1852,LY2109761,0,0,0,False,False,WARNING,needs_manual_review,stage3_exploratory_supportive,3단계 약물,ADMET_WARNING,legacy_recomputed,legacy_recomputed,replaced_by_protocol_stage,0.1,Hold,D,0.0
stad,13,13,1449,AZD1208,0,0,0,False,False,WARNING,needs_manual_review,stage3_exploratory_supportive,3단계 약물,ADMET_WARNING,legacy_recomputed,legacy_recomputed,replaced_by_protocol_stage,0.205,Backup,C,0.0
stad,14,14,1580,GSK2801,0,0,0,False,False,WARNING,needs_manual_review,stage3_exploratory_supportive,3단계 약물,ADMET_WARNING,legacy_recomputed,legacy_recomputed,replaced_by_protocol_stage,0.0,3단계 약물,WARNING,0.0
stad,15,15,1854,MN-64,0,0,0,False,False,WARNING,needs_manual_review,stage3_exploratory_supportive,3단계 약물,ADMET_WARNING,legacy_recomputed,legacy_recomputed,replaced_by_protocol_stage,0.0,3단계 약물,WARNING,0.0
