cancer,rank,canonical_drug_id,drug_name_x,canonical_smiles_x,score_clinical_trial_x,score_approved_ind_x,score_ext_response,score_disease_relevance,score_literature_moa,score_cancer_plausibility,target_moa_recovery_bonus,caveat_penalty,ev_composite_0_10_x,n_clinicaltrials_studies_total_x,chembl_molecule_chembl_id,target_recovered,moa_recovered,ev_ready,graph_luad_caveat,mandatory_caveat,rank_step5,drug_level_score,integrated_mean_of_three,G2_n_cells,G1_n_cells,flag_conflict_LN_divergent,flag_conflict_AUC_divergent,gdsc_response_score,prism_n_values,sensitivity_percentile_within_cancer_x,prism_response_evidence_score,prism_match_type,prism_manual_review_mapping_flag,ctrp_n_values,sensitivity_percentile_within_cancer_y,ctrp_response_evidence_score,ctrp_match_type,manual_review,prism_response_score,ctrp_response_score_if_available,combined_external_response_score,score_ext_response_old,ctrp_partial_evidence_flag,ctrp_partial_evidence_note,external_response_sources_available,external_response_source_count,response_conflict_caveat,ev_composite_0_10_old,ev_delta_from_multiresponse,ev_selected_rank,drug_name_y,canonical_smiles_y,ev_composite_0_10_y,score_approved_ind_y,score_clinical_trial_y,n_clinicaltrials_studies_total_y,fda_approved_cancer_based,drug_name,canonical_smiles,ev_composite_0_10,score_approved_ind,score_clinical_trial,n_clinicaltrials_studies_total,admet_status_22assay,recommendation_stage_code,recommendation_stage_label_ko,recommendation_stage_rule,protocol_stage_rank_within_top30,selected_top15,cutoff_reason
brca,2,1375,Temozolomide,Cn1nnc2c(C(N)=O)ncn2c1=O,2,2,0,0,1,2,1,0.0,8.0,21,CHEMBL810,CHEMBL2311221,DNA inhibitor (target CHEMBL2311221),True,False,,5.0,6.8882608780791,7.68732608145712,50.0,46.0,False,False,0,176.0,45.0,0.0,broad_id_partial_recovery_manual_review,True,0.0,,0.0,unmatched,True,0,0,0,0,False,,gdsc|prism,2,False,8.0,0.0,1,Temozolomide,Cn1nnc2c(C(N)=O)ncn2c1=O,8.0,2,2,21,True,Temozolomide,Cn1nnc2c(C(N)=O)ncn2c1=O,8.0,2,2,21,WARNING,stage3_exploratory_supportive,3단계 약물,ADMET_WARNING,1,True,selected_top15_by_step7_protocol_rank
brca,4,1089,Oxaliplatin,[H][N]1([H])[C@@H]2CCCC[C@H]2[N]([H])([H])[Pt]11OC(=O)C(=O)O1,2,2,0,0,1,2,1,0.0,8.0,49,CHEMBL414804,CHEMBL2311221,DNA inhibitor (target CHEMBL2311221),True,False,,7.0,5.577161344702366,18.64406779661017,50.0,,False,,0,0.0,,0.0,unmatched,True,0.0,,0.0,unmatched,True,0,0,0,0,False,,gdsc,1,False,8.0,0.0,2,Oxaliplatin,[H][N]1([H])[C@@H]2CCCC[C@H]2[N]([H])([H])[Pt]11OC(=O)C(=O)O1,8.0,2,2,49,True,Oxaliplatin,[H][N]1([H])[C@@H]2CCCC[C@H]2[N]([H])([H])[Pt]11OC(=O)C(=O)O1,8.0,2,2,49,WARNING,stage3_exploratory_supportive,3단계 약물,ADMET_WARNING,2,True,selected_top15_by_step7_protocol_rank
brca,7,1806,Oxaliplatin,[H][N]1([H])[C@@H]2CCCC[C@H]2[N]([H])([H])[Pt]11OC(=O)C(=O)O1,2,2,0,0,1,2,1,0.0,8.0,49,CHEMBL414804,CHEMBL2311221,DNA inhibitor (target CHEMBL2311221),True,False,,12.0,5.268382980399586,14.350282485875704,41.0,,False,,0,0.0,,0.0,unmatched,True,0.0,,0.0,unmatched,True,0,0,0,0,False,,gdsc,1,False,8.0,0.0,3,Oxaliplatin,[H][N]1([H])[C@@H]2CCCC[C@H]2[N]([H])([H])[Pt]11OC(=O)C(=O)O1,8.0,2,2,49,True,Oxaliplatin,[H][N]1([H])[C@@H]2CCCC[C@H]2[N]([H])([H])[Pt]11OC(=O)C(=O)O1,8.0,2,2,49,WARNING,stage3_exploratory_supportive,3단계 약물,ADMET_WARNING,3,True,selected_top15_by_step7_protocol_rank
brca,6,1507,Ruxolitinib,N#CC[C@H](C1CCCC1)n1cc(-c2ncnc3[nH]ccc23)cn1,2,2,2,0,0,1,0,0.0,7.0,12,CHEMBL1789941,,,True,False,,11.0,5.317588207291356,15.932203389830509,45.0,,False,,0,496.0,70.0,2.0,broad_id_partial_recovery_manual_review,True,0.0,,0.0,unmatched,True,2,0,2,0,False,,gdsc|prism,2,False,5.0,2.0,4,Ruxolitinib,N#CC[C@H](C1CCCC1)n1cc(-c2ncnc3[nH]ccc23)cn1,7.0,2,2,12,True,Ruxolitinib,N#CC[C@H](C1CCCC1)n1cc(-c2ncnc3[nH]ccc23)cn1,7.0,2,2,12,PASS,stage1_transition_standard,1단계 약물,ADMET_PASS_and_(FDA_APPROVED_CANCER_BASED_or_CT>=3),4,True,selected_top15_by_step7_protocol_rank
brca,5,1847,BEN,C1=CC=C(C=C1)C(=N)N,0,2,3,0,0,1,0,0.0,6.0,0,CHEMBL420,,,True,False,,9.0,5.52592408768257,13.672316384180789,41.0,,False,,0,168.0,85.0,3.0,broad_id_partial_recovery_manual_review,True,0.0,,0.0,unmatched,True,3,0,3,0,False,,gdsc|prism,2,False,3.0,3.0,5,BEN,C1=CC=C(C=C1)C(=N)N,6.0,2,0,0,False,BEN,C1=CC=C(C=C1)C(=N)N,6.0,2,0,0,WARNING,stage3_exploratory_supportive,3단계 약물,ADMET_WARNING,5,True,selected_top15_by_step7_protocol_rank
brca,10,1373,Dabrafenib,CC(C)(C)c1nc(-c2cccc(NS(=O)(=O)c3c(F)cccc3F)c2F)c(-c2ccnc(N)n2)s1,1,2,0,0,0,1,0,0.0,4.0,2,CHEMBL2028663,,,True,False,,21.0,5.0027772280372265,13.676279618854878,50.0,46.0,False,False,0,120.0,30.0,0.0,broad_id_partial_recovery_manual_review,True,0.0,,0.0,unmatched,True,0,0,0,0,False,,gdsc|prism,2,False,4.0,0.0,6,Dabrafenib,CC(C)(C)c1nc(-c2cccc(NS(=O)(=O)c3c(F)cccc3F)c2F)c(-c2ccnc(N)n2)s1,4.0,2,1,2,True,Dabrafenib,CC(C)(C)c1nc(-c2cccc(NS(=O)(=O)c3c(F)cccc3F)c2F)c(-c2ccnc(N)n2)s1,4.0,2,1,2,WARNING,stage3_exploratory_supportive,3단계 약물,ADMET_WARNING,6,True,selected_top15_by_step7_protocol_rank
brca,8,1073,5-Fluorouracil,FC1=CNC(=O)NC1=O,2,0,1,0,0,0,0,0.0,3.0,190,,,,True,False,,14.0,5.1948658760674435,25.31073446327683,51.0,,False,,0,176.0,65.0,1.0,broad_id_partial_recovery_manual_review,True,0.0,,0.0,unmatched,True,1,0,1,0,False,,gdsc|prism,2,False,2.0,1.0,7,5-Fluorouracil,FC1=CNC(=O)NC1=O,3.0,0,2,190,False,5-Fluorouracil,FC1=CNC(=O)NC1=O,3.0,0,2,190,WARNING,stage3_exploratory_supportive,3단계 약물,ADMET_WARNING,7,True,selected_top15_by_step7_protocol_rank
brca,15,1177,Niraparib,NC(=O)c1cccc2cn(-c3ccc([C@@H]4CCCNC4)cc3)nc12,2,0,0,0,0,0,0,0.0,2.0,29,CHEMBL6329,,,True,False,,29.0,4.826517678969729,16.15819209039548,45.0,,False,,0,0.0,,0.0,unmatched,True,0.0,,0.0,unmatched,True,0,0,0,0,False,,gdsc,1,False,2.0,0.0,8,Niraparib,NC(=O)c1cccc2cn(-c3ccc([C@@H]4CCCNC4)cc3)nc12,2.0,0,2,29,False,Niraparib,NC(=O)c1cccc2cn(-c3ccc([C@@H]4CCCNC4)cc3)nc12,2.0,0,2,29,WARNING,stage3_exploratory_supportive,3단계 약물,ADMET_WARNING,8,True,selected_top15_by_step7_protocol_rank
brca,25,1736,Selumetinib,Cn1cnc2c(F)c(Nc3ccc(Br)cc3Cl)c(C(=O)NOCCO)cc21,2,0,0,0,0,0,0,0.0,2.0,12,CHEMBL6329,,,True,False,,,,,,,,,0,,,,,True,,,,,,0,0,0,0,False,,,0,False,2.0,0.0,9,Selumetinib,Cn1cnc2c(F)c(Nc3ccc(Br)cc3Cl)c(C(=O)NOCCO)cc21,2.0,0,2,12,False,Selumetinib,Cn1cnc2c(F)c(Nc3ccc(Br)cc3Cl)c(C(=O)NOCCO)cc21,2.0,0,2,12,PASS,stage1_transition_standard,1단계 약물,ADMET_PASS_and_(FDA_APPROVED_CANCER_BASED_or_CT>=3),9,True,selected_top15_by_step7_protocol_rank
brca,1,2438,ascorbate (vitamin C),C(C(C1C(=C(C(=O)O1)[O-])O)O)O,1,0,0,0,0,0,0,0.0,1.0,1,,,,True,False,,1.0,9.954418318753856,18.870056497175145,43.0,,False,,0,168.0,10.0,0.0,broad_id_partial_recovery_manual_review,True,0.0,,0.0,unmatched,True,0,0,0,0,False,,gdsc|prism,2,False,1.0,0.0,10,ascorbate (vitamin C),C(C(C1C(=C(C(=O)O1)[O-])O)O)O,1.0,0,1,1,False,ascorbate (vitamin C),C(C(C1C(=C(C(=O)O1)[O-])O)O)O,1.0,0,1,1,WARNING,stage3_exploratory_supportive,3단계 약물,ADMET_WARNING,10,True,selected_top15_by_step7_protocol_rank
brca,11,1629,ML323,CC1=CN=C(N=C1NCC2=CC=C(C=C2)N3C=CN=N3)C4=CC=CC=C4C(C)C,0,0,1,0,0,0,0,0.0,1.0,0,,,,True,False,,22.0,4.9590344846802275,56.610169491525426,45.0,,False,,1,248.0,25.0,0.0,broad_id_partial_recovery_manual_review,True,0.0,,0.0,unmatched,True,0,0,1,0,False,,gdsc|prism,2,False,0.0,1.0,11,ML323,CC1=CN=C(N=C1NCC2=CC=C(C=C2)N3C=CN=N3)C4=CC=CC=C4C(C)C,1.0,0,0,0,False,ML323,CC1=CN=C(N=C1NCC2=CC=C(C=C2)N3C=CN=N3)C4=CC=CC=C4C(C)C,1.0,0,0,0,WARNING,stage3_exploratory_supportive,3단계 약물,ADMET_WARNING,11,True,selected_top15_by_step7_protocol_rank
brca,24,1925,GDC0810,CCC(=C(C1=CC=C(C=C1)C=CC(=O)O)C2=CC3=C(C=C2)NN=C3)C4=C(C=C(C=C4)F)Cl,1,0,0,0,0,0,0,0.0,1.0,4,CHEMBL6329,,,True,False,,,,,,,,,0,,,,,True,,,,,,0,0,0,0,False,,,0,False,1.0,0.0,12,GDC0810,CCC(=C(C1=CC=C(C=C1)C=CC(=O)O)C2=CC3=C(C=C2)NN=C3)C4=C(C=C(C=C4)F)Cl,1.0,0,1,4,False,GDC0810,CCC(=C(C1=CC=C(C=C1)C=CC(=O)O)C2=CC3=C(C=C2)NN=C3)C4=C(C=C(C=C4)F)Cl,1.0,0,1,4,WARNING,stage3_exploratory_supportive,3단계 약물,ADMET_WARNING,12,True,selected_top15_by_step7_protocol_rank
brca,3,1615,CZC24832,CC(C)(C)NS(=O)(=O)C1=CN=CC(=C1)C2=CN3C(=NC(=N3)N)C(=C2)F,0,0,0,0,0,0,0,0.0,0.0,0,,,,True,False,,6.0,5.6441292000986065,28.24858757062147,45.0,,False,,0,0.0,,0.0,unmatched,True,0.0,,0.0,unmatched,True,0,0,0,0,False,,gdsc,1,False,0.0,0.0,13,CZC24832,CC(C)(C)NS(=O)(=O)C1=CN=CC(=C1)C2=CN3C(=NC(=N3)N)C(=C2)F,0.0,0,0,0,False,CZC24832,CC(C)(C)NS(=O)(=O)C1=CN=CC(=C1)C2=CN3C(=NC(=N3)N)C(=C2)F,0.0,0,0,0,WARNING,stage3_exploratory_supportive,3단계 약물,ADMET_WARNING,13,True,selected_top15_by_step7_protocol_rank
brca,9,2360,THR-101,CC1=CC=CC=C1N2C(=O)C3=C(S2)C=C(C=C3)F,0,0,0,0,0,0,0,0.0,0.0,0,,,,True,False,,16.0,5.044570273561187,32.881355932203384,44.0,,False,,0,344.0,40.0,0.0,broad_id_partial_recovery_manual_review,True,0.0,,0.0,unmatched,True,0,0,0,0,False,,gdsc|prism,2,False,0.0,0.0,14,THR-101,CC1=CC=CC=C1N2C(=O)C3=C(S2)C=C(C=C3)F,0.0,0,0,0,False,THR-101,CC1=CC=CC=C1N2C(=O)C3=C(S2)C=C(C=C3)F,0.0,0,0,0,PASS,stage2_evidence_review,2단계 약물,ADMET_PASS_and_not_stage1,14,True,selected_top15_by_step7_protocol_rank
brca,12,1237,EPZ004777,CC(C)N(CCCNC(=O)NC1=CC=C(C=C1)C(C)(C)C)CC2C(C(C(O2)N3C=CC4=C(N=CN=C43)N)O)O,0,0,0,0,0,0,0,0.0,0.0,0,,,,True,False,,23.0,4.924561685558328,30.395480225988695,50.0,,False,,0,0.0,,0.0,unmatched,True,0.0,,0.0,unmatched,True,0,0,0,0,False,,gdsc,1,False,0.0,0.0,15,EPZ004777,CC(C)N(CCCNC(=O)NC1=CC=C(C=C1)C(C)(C)C)CC2C(C(C(O2)N3C=CC4=C(N=CN=C43)N)O)O,0.0,0,0,0,False,EPZ004777,CC(C)N(CCCNC(=O)NC1=CC=C(C=C1)C(C)(C)C)CC2C(C(C(O2)N3C=CC4=C(N=CN=C43)N)O)O,0.0,0,0,0,WARNING,stage3_exploratory_supportive,3단계 약물,ADMET_WARNING,15,True,selected_top15_by_step7_protocol_rank
brca,13,2157,A-366,COC1=C(C=C2C(=C1)C3(CCC3)C(=N2)N)OCCCN4CCCC4,0,0,0,0,0,0,0,0.0,0.0,0,,,,True,False,,24.0,4.892389032863082,22.14689265536723,43.0,,False,,0,0.0,,0.0,unmatched,True,0.0,,0.0,unmatched,True,0,0,0,0,False,,gdsc,1,False,0.0,0.0,16,A-366,COC1=C(C=C2C(=C1)C3(CCC3)C(=N2)N)OCCCN4CCCC4,0.0,0,0,0,False,A-366,COC1=C(C=C2C(=C1)C3(CCC3)C(=N2)N)OCCCN4CCCC4,0.0,0,0,0,WARNING,stage3_exploratory_supportive,3단계 약물,ADMET_WARNING,16,False,not_selected_stage3_warning_priority
brca,14,1621,PCI-34051,COC1=CC=C(C=C1)CN2C=CC3=C2C=C(C=C3)C(=O)NO,0,0,0,0,0,0,0,0.0,0.0,0,CHEMBL6329,,,True,False,,27.0,4.8517929294592745,24.632768361581924,45.0,,False,,0,0.0,,0.0,unmatched,True,0.0,,0.0,unmatched,True,0,0,0,0,False,,gdsc,1,False,0.0,0.0,17,PCI-34051,COC1=CC=C(C=C1)CN2C=CC3=C2C=C(C=C3)C(=O)NO,0.0,0,0,0,False,PCI-34051,COC1=CC=C(C=C1)CN2C=CC3=C2C=C(C=C3)C(=O)NO,0.0,0,0,0,WARNING,stage3_exploratory_supportive,3단계 약물,ADMET_WARNING,17,False,not_selected_stage3_warning_priority
brca,16,1047,Nutlin-3a (-),CC(C)OC1=C(C=CC(=C1)OC)C2=NC(C(N2C(=O)N3CCNC(=O)C3)C4=CC=C(C=C4)Cl)C5=CC=C(C=C5)Cl,0,0,0,0,0,0,0,0.0,0.0,0,CHEMBL6329,,,True,False,,,,,,,,,0,,,,,True,,,,,,0,0,0,0,False,,,0,False,0.0,0.0,18,Nutlin-3a (-),CC(C)OC1=C(C=CC(=C1)OC)C2=NC(C(N2C(=O)N3CCNC(=O)C3)C4=CC=C(C=C4)Cl)C5=CC=C(C=C5)Cl,0.0,0,0,0,False,Nutlin-3a (-),CC(C)OC1=C(C=CC(=C1)OC)C2=NC(C(N2C(=O)N3CCNC(=O)C3)C4=CC=C(C=C4)Cl)C5=CC=C(C=C5)Cl,0.0,0,0,0,WARNING,stage3_exploratory_supportive,3단계 약물,ADMET_WARNING,18,False,not_selected_stage3_warning_priority
brca,17,1614,WZ4003,CCC(=O)NC1=CC(=CC=C1)OC2=NC(=NC=C2Cl)NC3=C(C=C(C=C3)N4CCN(CC4)C)OC,0,0,0,0,0,0,0,0.0,0.0,0,CHEMBL6329,,,True,False,,,,,,,,,0,,,,,True,,,,,,0,0,0,0,False,,,0,False,0.0,0.0,19,WZ4003,CCC(=O)NC1=CC(=CC=C1)OC2=NC(=NC=C2Cl)NC3=C(C=C(C=C3)N4CCN(CC4)C)OC,0.0,0,0,0,False,WZ4003,CCC(=O)NC1=CC(=CC=C1)OC2=NC(=NC=C2Cl)NC3=C(C=C(C=C3)N4CCN(CC4)C)OC,0.0,0,0,0,WARNING,stage3_exploratory_supportive,3단계 약물,ADMET_WARNING,19,False,not_selected_stage3_warning_priority
brca,18,1036,PLX-4720,CCCS(=O)(=O)Nc1ccc(F)c(C(=O)c2c[nH]c3ncc(Cl)cc23)c1F,0,0,0,0,0,0,0,0.0,0.0,0,CHEMBL6329,,,True,False,,,,,,,,,0,,,,,True,,,,,,0,0,0,0,False,,,0,False,0.0,0.0,20,PLX-4720,CCCS(=O)(=O)Nc1ccc(F)c(C(=O)c2c[nH]c3ncc(Cl)cc23)c1F,0.0,0,0,0,False,PLX-4720,CCCS(=O)(=O)Nc1ccc(F)c(C(=O)c2c[nH]c3ncc(Cl)cc23)c1F,0.0,0,0,0,WARNING,stage3_exploratory_supportive,3단계 약물,ADMET_WARNING,20,False,not_selected_stage3_warning_priority
brca,19,1927,GSK2578215A,C1=CC=C(C=C1)COC2=C(C=C(C=C2)C3=CC(=NC=C3)F)C(=O)NC4=CN=CC=C4,0,0,0,0,0,0,0,0.0,0.0,0,CHEMBL6329,,,True,False,,,,,,,,,0,,,,,True,,,,,,0,0,0,0,False,,,0,False,0.0,0.0,21,GSK2578215A,C1=CC=C(C=C1)COC2=C(C=C(C=C2)C3=CC(=NC=C3)F)C(=O)NC4=CN=CC=C4,0.0,0,0,0,False,GSK2578215A,C1=CC=C(C=C1)COC2=C(C=C(C=C2)C3=CC(=NC=C3)F)C(=O)NC4=CN=CC=C4,0.0,0,0,0,WARNING,stage3_exploratory_supportive,3단계 약물,ADMET_WARNING,21,False,not_selected_stage3_warning_priority
brca,20,1631,PRT062607,C1CCC(C(C1)N)NC2=NC=C(C(=N2)NC3=CC(=CC=C3)N4N=CC=N4)C(=O)N,0,0,0,0,0,0,0,0.0,0.0,0,CHEMBL6329,,,True,False,,,,,,,,,0,,,,,True,,,,,,0,0,0,0,False,,,0,False,0.0,0.0,22,PRT062607,C1CCC(C(C1)N)NC2=NC=C(C(=N2)NC3=CC(=CC=C3)N4N=CC=N4)C(=O)N,0.0,0,0,0,False,PRT062607,C1CCC(C(C1)N)NC2=NC=C(C(=N2)NC3=CC(=CC=C3)N4N=CC=N4)C(=O)N,0.0,0,0,0,WARNING,stage3_exploratory_supportive,3단계 약물,ADMET_WARNING,22,False,not_selected_stage3_warning_priority
brca,21,1268,XAV939,C1CSCC2=C1N=C(NC2=O)C3=CC=C(C=C3)C(F)(F)F,0,0,0,0,0,0,0,0.0,0.0,0,CHEMBL6329,,,True,False,,,,,,,,,0,,,,,True,,,,,,0,0,0,0,False,,,0,False,0.0,0.0,23,XAV939,C1CSCC2=C1N=C(NC2=O)C3=CC=C(C=C3)C(F)(F)F,0.0,0,0,0,False,XAV939,C1CSCC2=C1N=C(NC2=O)C3=CC=C(C=C3)C(F)(F)F,0.0,0,0,0,WARNING,stage3_exploratory_supportive,3단계 약물,ADMET_WARNING,23,False,not_selected_stage3_warning_priority
brca,22,1624,I-BET-762,CCNC(=O)CC1C2=NN=C(N2C3=C(C=C(C=C3)OC)C(=N1)C4=CC=C(C=C4)Cl)C,0,0,0,0,0,0,0,0.0,0.0,0,CHEMBL6329,,,True,False,,,,,,,,,0,,,,,True,,,,,,0,0,0,0,False,,,0,False,0.0,0.0,24,I-BET-762,CCNC(=O)CC1C2=NN=C(N2C3=C(C=C(C=C3)OC)C(=N1)C4=CC=C(C=C4)Cl)C,0.0,0,0,0,False,I-BET-762,CCNC(=O)CC1C2=NN=C(N2C3=C(C=C(C=C3)OC)C(=N1)C4=CC=C(C=C4)Cl)C,0.0,0,0,0,WARNING,stage3_exploratory_supportive,3단계 약물,ADMET_WARNING,24,False,not_selected_stage3_warning_priority
brca,23,1630,Entospletinib,c1cn2cc(-c3ccc4cn[nH]c4c3)nc(Nc3ccc(N4CCOCC4)cc3)c2n1,0,0,0,0,0,0,0,0.0,0.0,0,CHEMBL6329,,,True,False,,,,,,,,,0,,,,,True,,,,,,0,0,0,0,False,,,0,False,0.0,0.0,25,Entospletinib,c1cn2cc(-c3ccc4cn[nH]c4c3)nc(Nc3ccc(N4CCOCC4)cc3)c2n1,0.0,0,0,0,False,Entospletinib,c1cn2cc(-c3ccc4cn[nH]c4c3)nc(Nc3ccc(N4CCOCC4)cc3)c2n1,0.0,0,0,0,PASS,stage2_evidence_review,2단계 약물,ADMET_PASS_and_not_stage1,25,False,not_selected_rank_outside_top15_after_stage_order
brca,26,2045,AMG-319,C[C@H](Nc1ncnc2[nH]cnc12)c1cc2ccc(F)cc2nc1-c1ccccn1,0,0,0,0,0,0,0,0.0,0.0,0,CHEMBL6329,,,True,False,,,,,,,,,0,,,,,True,,,,,,0,0,0,0,False,,,0,False,0.0,0.0,26,AMG-319,C[C@H](Nc1ncnc2[nH]cnc12)c1cc2ccc(F)cc2nc1-c1ccccn1,0.0,0,0,0,False,AMG-319,C[C@H](Nc1ncnc2[nH]cnc12)c1cc2ccc(F)cc2nc1-c1ccccn1,0.0,0,0,0,WARNING,stage3_exploratory_supportive,3단계 약물,ADMET_WARNING,26,False,not_selected_stage3_warning_priority
brca,27,2011,ICL-SIRT078,COC1=C(C2=CC=CC=C2C=C1)CN3C=NC4=C(C3=O)C5=C(S4)CC(CC5)NCC6=CN=CC=C6,0,0,0,0,0,0,0,0.0,0.0,0,CHEMBL6329,,,True,False,,,,,,,,,0,,,,,True,,,,,,0,0,0,0,False,,,0,False,0.0,0.0,27,ICL-SIRT078,COC1=C(C2=CC=CC=C2C=C1)CN3C=NC4=C(C3=O)C5=C(S4)CC(CC5)NCC6=CN=CC=C6,0.0,0,0,0,False,ICL-SIRT078,COC1=C(C2=CC=CC=C2C=C1)CN3C=NC4=C(C3=O)C5=C(S4)CC(CC5)NCC6=CN=CC=C6,0.0,0,0,0,WARNING,stage3_exploratory_supportive,3단계 약물,ADMET_WARNING,27,False,not_selected_stage3_warning_priority
brca,28,1928,I-BRD9,CCN1C=C(C2=C(C1=O)C=C(S2)C(=NC3CCS(=O)(=O)CC3)N)C4=CC(=CC=C4)C(F)(F)F,0,0,0,0,0,0,0,0.0,0.0,0,CHEMBL6329,,,True,False,,,,,,,,,0,,,,,True,,,,,,0,0,0,0,False,,,0,False,0.0,0.0,28,I-BRD9,CCN1C=C(C2=C(C1=O)C=C(S2)C(=NC3CCS(=O)(=O)CC3)N)C4=CC(=CC=C4)C(F)(F)F,0.0,0,0,0,False,I-BRD9,CCN1C=C(C2=C(C1=O)C=C(S2)C(=NC3CCS(=O)(=O)CC3)N)C4=CC(=CC=C4)C(F)(F)F,0.0,0,0,0,WARNING,stage3_exploratory_supportive,3단계 약물,ADMET_WARNING,28,False,not_selected_stage3_warning_priority
brca,29,1061,SB590885,CN(C)CCOc1ccc(-c2nc(-c3ccncc3)c(-c3ccc4c(c3)CC/C4=N\O)[nH]2)cc1,0,0,0,0,0,0,0,0.0,0.0,0,CHEMBL6329,,,True,False,,,,,,,,,0,,,,,True,,,,,,0,0,0,0,False,,,0,False,0.0,0.0,29,SB590885,CN(C)CCOc1ccc(-c2nc(-c3ccncc3)c(-c3ccc4c(c3)CC/C4=N\O)[nH]2)cc1,0.0,0,0,0,False,SB590885,CN(C)CCOc1ccc(-c2nc(-c3ccncc3)c(-c3ccc4c(c3)CC/C4=N\O)[nH]2)cc1,0.0,0,0,0,PASS,stage2_evidence_review,2단계 약물,ADMET_PASS_and_not_stage1,29,False,not_selected_rank_outside_top15_after_stage_order
brca,30,1622,Wnt-C59,CC1=NC=CC(=C1)C2=CC=C(C=C2)CC(=O)NC3=CC=C(C=C3)C4=CN=CC=C4,0,0,0,0,0,0,0,0.0,0.0,0,CHEMBL6329,,,True,False,,,,,,,,,0,,,,,True,,,,,,0,0,0,0,False,,,0,False,0.0,0.0,30,Wnt-C59,CC1=NC=CC(=C1)C2=CC=C(C=C2)CC(=O)NC3=CC=C(C=C3)C4=CN=CC=C4,0.0,0,0,0,False,Wnt-C59,CC1=NC=CC(=C1)C2=CC=C(C=C2)CC(=O)NC3=CC=C(C=C3)C4=CN=CC=C4,0.0,0,0,0,WARNING,stage3_exploratory_supportive,3단계 약물,ADMET_WARNING,30,False,not_selected_stage3_warning_priority
crc,5,1813,Fludarabine,Nc1nc(F)nc2c1ncn2[C@@H]1O[C@H](CO)[C@@H](O)[C@@H]1O,2,2,0,0,2,2,1,0.0,9.0,53,CHEMBL1096882,"CHEMBL2095215, CHEMBL2363042",Ribonucleoside-diphosphate reductase RR1 inhibitor (target CHEMBL2095215); DNA polymerase (alpha/delta/epsilon) inhibitor (target CHEMBL2363042),True,False,,11.0,5.480882863926768,21.01694915254237,45.0,,False,,0,0.0,,0.0,unmatched,True,0.0,,0.0,unmatched,True,0,0,0,0,False,,gdsc,1,False,9.0,0.0,1,Fludarabine,Nc1nc(F)nc2c1ncn2[C@@H]1O[C@H](CO)[C@@H](O)[C@@H]1O,9.0,2,2,53,True,Fludarabine,Nc1nc(F)nc2c1ncn2[C@@H]1O[C@H](CO)[C@@H](O)[C@@H]1O,9.0,2,2,53,WARNING,stage3_exploratory_supportive,3단계 약물,ADMET_WARNING,1,True,selected_top15_by_step7_protocol_rank
crc,3,1512,Cyclophosphamide,O.O=P1(N(CCCl)CCCl)NCCCO1,2,2,0,0,1,2,1,0.0,8.0,85,CHEMBL1200796,CHEMBL2311221,DNA inhibitor (target CHEMBL2311221),True,False,,9.0,5.55198872178371,13.107344632768362,44.0,,False,,0,224.0,10.526315789473692,0.0,broad_id_partial_recovery_manual_review,True,0.0,,0.0,unmatched,True,0,0,0,0,False,,gdsc|prism,2,False,8.0,0.0,2,Cyclophosphamide,O.O=P1(N(CCCl)CCCl)NCCCO1,8.0,2,2,85,True,Cyclophosphamide,O.O=P1(N(CCCl)CCCl)NCCCO1,8.0,2,2,85,WARNING,stage3_exploratory_supportive,3단계 약물,ADMET_WARNING,2,True,selected_top15_by_step7_protocol_rank
crc,6,1020,Lenalidomide,Nc1cccc2c1CN(C1CCC(=O)NC1=O)C2=O,2,2,0,0,1,2,1,0.0,8.0,7,CHEMBL848,CHEMBL3833061,CRL4(CRBN) E3 ubiquitin ligase inhibitor (target CHEMBL3833061),True,False,,12.0,5.467791195521722,13.987604351125723,45.0,44.0,False,False,0,0.0,,0.0,unmatched,True,0.0,,0.0,unmatched,True,0,0,0,0,False,,gdsc,1,False,8.0,0.0,3,Lenalidomide,Nc1cccc2c1CN(C1CCC(=O)NC1=O)C2=O,8.0,2,2,7,True,Lenalidomide,Nc1cccc2c1CN(C1CCC(=O)NC1=O)C2=O,8.0,2,2,7,PASS,stage1_transition_standard,1단계 약물,ADMET_PASS_and_(FDA_APPROVED_CANCER_BASED_or_CT>=3),3,True,selected_top15_by_step7_protocol_rank
crc,7,2043,BIBR-1532,CC(=CC(=O)NC1=CC=CC=C1C(=O)O)C2=CC3=CC=CC=C3C=C2,0,0,3,0,0,0,0,0.0,3.0,0,,,,True,False,,23.0,5.168885126330407,19.09604519774011,41.0,,False,,0,230.0,94.73684210526316,3.0,broad_id_partial_recovery_manual_review,True,0.0,,0.0,unmatched,True,3,0,3,0,False,,gdsc|prism,2,False,0.0,3.0,4,BIBR-1532,CC(=CC(=O)NC1=CC=CC=C1C(=O)O)C2=CC3=CC=CC=C3C=C2,3.0,0,0,0,False,BIBR-1532,CC(=CC(=O)NC1=CC=CC=C1C(=O)O)C2=CC3=CC=CC=C3C=C2,3.0,0,0,0,WARNING,stage3_exploratory_supportive,3단계 약물,ADMET_WARNING,4,True,selected_top15_by_step7_protocol_rank
crc,26,1005,Cisplatin,[H][N]([H])([H])[Pt](Cl)(Cl)[N]([H])([H])[H],2,0,0,0,0,0,0,0.0,2.0,80,CHEMBL6329,,,True,False,,,,,,,,,0,,,,,True,,,,,,0,0,0,0,False,,,0,False,2.0,0.0,5,Cisplatin,[H][N]([H])([H])[Pt](Cl)(Cl)[N]([H])([H])[H],2.0,0,2,80,False,Cisplatin,[H][N]([H])([H])[Pt](Cl)(Cl)[N]([H])([H])[H],2.0,0,2,80,WARNING,stage3_exploratory_supportive,3단계 약물,ADMET_WARNING,5,True,selected_top15_by_step7_protocol_rank
crc,1,2498,alpha-lipoic acid,OC(=O)CCCC[C@@H]1CCSS1,1,0,0,0,0,0,0,0.0,1.0,2,,,,True,False,,4.0,7.610182965002853,15.819209039548022,42.0,,False,,0,188.0,42.10526315789474,0.0,broad_id_partial_recovery_manual_review,True,0.0,,0.0,unmatched,True,0,0,0,0,False,,gdsc|prism,2,False,1.0,0.0,6,alpha-lipoic acid,OC(=O)CCCC[C@@H]1CCSS1,1.0,0,1,2,False,alpha-lipoic acid,OC(=O)CCCC[C@@H]1CCSS1,1.0,0,1,2,WARNING,stage3_exploratory_supportive,3단계 약물,ADMET_WARNING,6,True,selected_top15_by_step7_protocol_rank
crc,2,1931,MIRA-1,CCC(=O)OCN1C(=O)C=CC1=O,0,0,1,0,0,0,0,0.0,1.0,0,,,,True,False,,6.0,5.899061043513992,10.3954802259887,45.0,,False,,0,224.0,57.89473684210527,1.0,broad_id_partial_recovery_manual_review,True,27.0,100.0,3.0,canonical_smiles_exact,False,1,3,1,0,True,CTRP partial signal score=3; match_type=canonical_smiles_exact,gdsc|prism|ctrp_partial,3,False,0.0,1.0,7,MIRA-1,CCC(=O)OCN1C(=O)C=CC1=O,1.0,0,0,0,False,MIRA-1,CCC(=O)OCN1C(=O)C=CC1=O,1.0,0,0,0,WARNING,stage3_exploratory_supportive,3단계 약물,ADMET_WARNING,7,True,selected_top15_by_step7_protocol_rank
crc,9,1557,LCL161,CN[C@@H](C)C(=O)N[C@H](C(=O)N1CCC[C@H]1c1nc(C(=O)c2ccc(F)cc2)cs1)C1CCCCC1,1,0,0,0,0,0,0,0.0,1.0,1,,,,True,False,,27.0,5.0842868829282795,12.655367231638415,46.0,,False,,0,0.0,,0.0,unmatched,True,0.0,,0.0,unmatched,True,0,0,0,0,False,,gdsc,1,False,1.0,0.0,8,LCL161,CN[C@@H](C)C(=O)N[C@H](C(=O)N1CCC[C@H]1c1nc(C(=O)c2ccc(F)cc2)cs1)C1CCCCC1,1.0,0,1,1,False,LCL161,CN[C@@H](C)C(=O)N[C@H](C(=O)N1CCC[C@H]1c1nc(C(=O)c2ccc(F)cc2)cs1)C1CCCCC1,1.0,0,1,1,WARNING,stage3_exploratory_supportive,3단계 약물,ADMET_WARNING,8,True,selected_top15_by_step7_protocol_rank
crc,13,1017,Olaparib,O=C(c1cc(Cc2n[nH]c(=O)c3ccccc23)ccc1F)N1CCN(C(=O)C2CC2)CC1,1,0,0,0,0,0,0,0.0,1.0,8,CHEMBL6329,,,True,False,,,,,,,,,0,,,,,True,,,,,,0,0,0,0,False,,,0,False,1.0,0.0,9,Olaparib,O=C(c1cc(Cc2n[nH]c(=O)c3ccccc23)ccc1F)N1CCN(C(=O)C2CC2)CC1,1.0,0,1,8,False,Olaparib,O=C(c1cc(Cc2n[nH]c(=O)c3ccccc23)ccc1F)N1CCN(C(=O)C2CC2)CC1,1.0,0,1,8,PASS,stage1_transition_standard,1단계 약물,ADMET_PASS_and_(FDA_APPROVED_CANCER_BASED_or_CT>=3),9,True,selected_top15_by_step7_protocol_rank
crc,16,1799,Ibrutinib,C=CC(=O)N1CCC[C@@H](n2nc(-c3ccc(Oc4ccccc4)cc3)c3c(N)ncnc32)C1,1,0,0,0,0,0,0,0.0,1.0,2,CHEMBL6329,,,True,False,,,,,,,,,0,,,,,True,,,,,,0,0,0,0,False,,,0,False,1.0,0.0,10,Ibrutinib,C=CC(=O)N1CCC[C@@H](n2nc(-c3ccc(Oc4ccccc4)cc3)c3c(N)ncnc32)C1,1.0,0,1,2,False,Ibrutinib,C=CC(=O)N1CCC[C@@H](n2nc(-c3ccc(Oc4ccccc4)cc3)c3c(N)ncnc32)C1,1.0,0,1,2,WARNING,stage3_exploratory_supportive,3단계 약물,ADMET_WARNING,10,True,selected_top15_by_step7_protocol_rank
crc,18,1802,Zoledronate,OC(CN1C=CN=C1)(P(O)(O)=O)P(O)(O)=O,1,0,0,0,0,0,0,0.0,1.0,1,CHEMBL6329,,,True,False,,,,,,,,,0,,,,,True,,,,,,0,0,0,0,False,,,0,False,1.0,0.0,11,Zoledronate,OC(CN1C=CN=C1)(P(O)(O)=O)P(O)(O)=O,1.0,0,1,1,False,Zoledronate,OC(CN1C=CN=C1)(P(O)(O)=O)P(O)(O)=O,1.0,0,1,1,WARNING,stage3_exploratory_supportive,3단계 약물,ADMET_WARNING,11,True,selected_top15_by_step7_protocol_rank
crc,19,1598,LGK974,CC1=CC(=CN=C1C2=CC(=NC=C2)C)CC(=O)NC3=NC=C(C=C3)C4=NC=CN=C4,1,0,0,0,0,0,0,0.0,1.0,2,CHEMBL6329,,,True,False,,,,,,,,,0,,,,,True,,,,,,0,0,0,0,False,,,0,False,1.0,0.0,12,LGK974,CC1=CC(=CN=C1C2=CC(=NC=C2)C)CC(=O)NC3=NC=C(C=C3)C4=NC=CN=C4,1.0,0,1,2,False,LGK974,CC1=CC(=CN=C1C2=CC(=NC=C2)C)CC(=O)NC3=NC=C(C=C3)C4=NC=CN=C4,1.0,0,1,2,WARNING,stage3_exploratory_supportive,3단계 약물,ADMET_WARNING,12,True,selected_top15_by_step7_protocol_rank
crc,23,1175,Rucaparib,CNCc1ccc(-c2[nH]c3cc(F)cc4c3c2CCNC4=O)cc1,1,0,0,0,0,0,0,0.0,1.0,3,CHEMBL6329,,,True,False,,,,,,,,,0,,,,,True,,,,,,0,0,0,0,False,,,0,False,1.0,0.0,13,Rucaparib,CNCc1ccc(-c2[nH]c3cc(F)cc4c3c2CCNC4=O)cc1,1.0,0,1,3,False,Rucaparib,CNCc1ccc(-c2[nH]c3cc(F)cc4c3c2CCNC4=O)cc1,1.0,0,1,3,PASS,stage1_transition_standard,1단계 약물,ADMET_PASS_and_(FDA_APPROVED_CANCER_BASED_or_CT>=3),13,True,selected_top15_by_step7_protocol_rank
crc,4,2359,GSK2830371,CC1=C(C=C(C=N1)Cl)NCC2=CC=C(S2)C(=O)NC(CC3CCCC3)C(=O)NC4CC4,0,0,0,0,0,0,0,0.0,0.0,0,,,,True,False,,10.0,5.4857290409703925,17.51412429378531,42.0,,False,,0,224.0,36.8421052631579,0.0,broad_id_partial_recovery_manual_review,True,0.0,,0.0,unmatched,True,0,0,0,0,False,,gdsc|prism,2,False,0.0,0.0,14,GSK2830371,CC1=C(C=C(C=N1)Cl)NCC2=CC=C(S2)C(=O)NC(CC3CCCC3)C(=O)NC4CC4,0.0,0,0,0,False,GSK2830371,CC1=C(C=C(C=N1)Cl)NCC2=CC=C(S2)C(=O)NC(CC3CCCC3)C(=O)NC4CC4,0.0,0,0,0,WARNING,stage3_exploratory_supportive,3단계 약물,ADMET_WARNING,14,True,selected_top15_by_step7_protocol_rank
crc,8,1131,PRIMA-1MET,COCC1(CO)N2CCC(CC2)C1=O,0,0,0,0,0,0,0,0.0,0.0,0,,,,True,False,,24.0,5.151820475210946,25.53672316384181,46.0,,False,,0,0.0,,0.0,unmatched,True,0.0,,0.0,unmatched,True,0,0,0,0,False,,gdsc,1,False,0.0,0.0,15,PRIMA-1MET,COCC1(CO)N2CCC(CC2)C1=O,0.0,0,0,0,False,PRIMA-1MET,COCC1(CO)N2CCC(CC2)C1=O,0.0,0,0,0,WARNING,stage3_exploratory_supportive,3단계 약물,ADMET_WARNING,15,True,selected_top15_by_step7_protocol_rank
crc,10,1625,RVX-208,CC1=CC(=CC(=C1OCCO)C)C2=NC3=C(C(=CC(=C3)OC)OC)C(=O)N2,0,0,0,0,0,0,0,0.0,0.0,0,,,,True,False,,28.0,5.076140872924745,10.847457627118644,46.0,,False,,0,415.0,31.578947368421066,0.0,broad_id_partial_recovery_manual_review,True,0.0,,0.0,unmatched,True,0,0,0,0,False,,gdsc|prism,2,False,0.0,0.0,16,RVX-208,CC1=CC(=CC(=C1OCCO)C)C2=NC3=C(C(=CC(=C3)OC)OC)C(=O)N2,0.0,0,0,0,False,RVX-208,CC1=CC(=CC(=C1OCCO)C)C2=NC3=C(C(=CC(=C3)OC)OC)C(=O)N2,0.0,0,0,0,PASS,stage2_evidence_review,2단계 약물,ADMET_PASS_and_not_stage1,16,False,not_selected_rank_outside_top15_after_stage_order
crc,11,1072,Avagacestat,NC(=O)[C@@H](CCC(F)(F)F)N(Cc1ccc(-c2ncon2)cc1F)S(=O)(=O)c1ccc(Cl)cc1,0,0,0,0,0,0,0,0.0,0.0,0,CHEMBL6329,,,True,False,,,,,,,,,0,,,,,True,,,,,,0,0,0,0,False,,,0,False,0.0,0.0,17,Avagacestat,NC(=O)[C@@H](CCC(F)(F)F)N(Cc1ccc(-c2ncon2)cc1F)S(=O)(=O)c1ccc(Cl)cc1,0.0,0,0,0,False,Avagacestat,NC(=O)[C@@H](CCC(F)(F)F)N(Cc1ccc(-c2ncon2)cc1F)S(=O)(=O)c1ccc(Cl)cc1,0.0,0,0,0,WARNING,stage3_exploratory_supportive,3단계 약물,ADMET_WARNING,17,False,not_selected_stage3_warning_priority
crc,12,1933,P22077,CC(=O)C1=CC(=C(S1)SC2=C(C=C(C=C2)F)F)[N+](=O)[O-],0,0,0,0,0,0,0,0.0,0.0,0,CHEMBL6329,,,True,False,,,,,,,,,0,,,,,True,,,,,,0,0,0,0,False,,,0,False,0.0,0.0,18,P22077,CC(=O)C1=CC(=C(S1)SC2=C(C=C(C=C2)F)F)[N+](=O)[O-],0.0,0,0,0,False,P22077,CC(=O)C1=CC(=C(S1)SC2=C(C=C(C=C2)F)F)[N+](=O)[O-],0.0,0,0,0,WARNING,stage3_exploratory_supportive,3단계 약물,ADMET_WARNING,18,False,not_selected_stage3_warning_priority
crc,14,2038,UNC0638,CC(C)N1CCC(CC1)NC2=NC(=NC3=CC(=C(C=C32)OC)OCCCN4CCCC4)C5CCCCC5,0,0,0,0,0,0,0,0.0,0.0,0,CHEMBL6329,,,True,False,,,,,,,,,0,,,,,True,,,,,,0,0,0,0,False,,,0,False,0.0,0.0,19,UNC0638,CC(C)N1CCC(CC1)NC2=NC(=NC3=CC(=C(C=C32)OC)OCCCN4CCCC4)C5CCCCC5,0.0,0,0,0,False,UNC0638,CC(C)N1CCC(CC1)NC2=NC(=NC3=CC(=C(C=C32)OC)OCCCN4CCCC4)C5CCCCC5,0.0,0,0,0,WARNING,stage3_exploratory_supportive,3단계 약물,ADMET_WARNING,19,False,not_selected_stage3_warning_priority
crc,15,2158,CPI-637,CC1CC(=O)NC2=CC=CC(=C2N1)C3=CC4=C(C=C3)N(N=C4C5=CN(N=C5)C)C,0,0,0,0,0,0,0,0.0,0.0,0,CHEMBL6329,,,True,False,,,,,,,,,0,,,,,True,,,,,,0,0,0,0,False,,,0,False,0.0,0.0,20,CPI-637,CC1CC(=O)NC2=CC=CC(=C2N1)C3=CC4=C(C=C3)N(N=C4C5=CN(N=C5)C)C,0.0,0,0,0,False,CPI-637,CC1CC(=O)NC2=CC=CC(=C2N1)C3=CC4=C(C=C3)N(N=C4C5=CN(N=C5)C)C,0.0,0,0,0,WARNING,stage3_exploratory_supportive,3단계 약물,ADMET_WARNING,20,False,not_selected_stage3_warning_priority
crc,17,1634,AGI-6780,C1CC1NS(=O)(=O)C2=CC(=C(C=C2)C3=CSC=C3)NC(=O)NC4=CC=CC(=C4)C(F)(F)F,0,0,0,0,0,0,0,0.0,0.0,0,CHEMBL6329,,,True,False,,,,,,,,,0,,,,,True,,,,,,0,0,0,0,False,,,0,False,0.0,0.0,21,AGI-6780,C1CC1NS(=O)(=O)C2=CC(=C(C=C2)C3=CSC=C3)NC(=O)NC4=CC=CC(=C4)C(F)(F)F,0.0,0,0,0,False,AGI-6780,C1CC1NS(=O)(=O)C2=CC(=C(C=C2)C3=CSC=C3)NC(=O)NC4=CC=CC(=C4)C(F)(F)F,0.0,0,0,0,WARNING,stage3_exploratory_supportive,3단계 약물,ADMET_WARNING,21,False,not_selected_stage3_warning_priority
crc,20,1720,AZD5991,Cc1c2c(nn1C)CSCc1cc(n(C)n1)CSc1cc(c3ccccc3c1)OCCCc1c(C(=O)O)n(C)c3c-2c(Cl)ccc13,0,0,0,0,0,0,0,0.0,0.0,0,CHEMBL6329,,,True,False,,,,,,,,,0,,,,,True,,,,,,0,0,0,0,False,,,0,False,0.0,0.0,22,AZD5991,Cc1c2c(nn1C)CSCc1cc(n(C)n1)CSc1cc(c3ccccc3c1)OCCCc1c(C(=O)O)n(C)c3c-2c(Cl)ccc13,0.0,0,0,0,False,AZD5991,Cc1c2c(nn1C)CSCc1cc(n(C)n1)CSc1cc(c3ccccc3c1)OCCCc1c(C(=O)O)n(C)c3c-2c(Cl)ccc13,0.0,0,0,0,PASS,stage2_evidence_review,2단계 약물,ADMET_PASS_and_not_stage1,22,False,not_selected_rank_outside_top15_after_stage_order
crc,21,2110,GSK591,C1CC(C1)NC2=NC=CC(=C2)C(=O)NCC(CN3CCC4=CC=CC=C4C3)O,0,0,0,0,0,0,0,0.0,0.0,0,CHEMBL6329,,,True,False,,,,,,,,,0,,,,,True,,,,,,0,0,0,0,False,,,0,False,0.0,0.0,23,GSK591,C1CC(C1)NC2=NC=CC(=C2)C(=O)NCC(CN3CCC4=CC=CC=C4C3)O,0.0,0,0,0,False,GSK591,C1CC(C1)NC2=NC=CC(=C2)C(=O)NCC(CN3CCC4=CC=CC=C4C3)O,0.0,0,0,0,WARNING,stage3_exploratory_supportive,3단계 약물,ADMET_WARNING,23,False,not_selected_stage3_warning_priority
crc,22,1093,GSK1904529A,CCC1=CC(=C(C=C1N2CCC(CC2)N3CCN(CC3)S(=O)(=O)C)OC)NC4=NC=CC(=N4)C5=C(N=C6N5C=CC=C6)C7=CC(=C(C=C7)OC)C(=O)NC8=C(C=CC=C8F)F,0,0,0,0,0,0,0,0.0,0.0,0,CHEMBL6329,,,True,False,,,,,,,,,0,,,,,True,,,,,,0,0,0,0,False,,,0,False,0.0,0.0,24,GSK1904529A,CCC1=CC(=C(C=C1N2CCC(CC2)N3CCN(CC3)S(=O)(=O)C)OC)NC4=NC=CC(=N4)C5=C(N=C6N5C=CC=C6)C7=CC(=C(C=C7)OC)C(=O)NC8=C(C=CC=C8F)F,0.0,0,0,0,False,GSK1904529A,CCC1=CC(=C(C=C1N2CCC(CC2)N3CCN(CC3)S(=O)(=O)C)OC)NC4=NC=CC(=N4)C5=C(N=C6N5C=CC=C6)C7=CC(=C(C=C7)OC)C(=O)NC8=C(C=CC=C8F)F,0.0,0,0,0,PASS,stage2_evidence_review,2단계 약물,ADMET_PASS_and_not_stage1,24,False,not_selected_rank_outside_top15_after_stage_order
crc,24,2173,PFI-1,CN1CC2=C(C=CC(=C2)NS(=O)(=O)C3=CC=CC=C3OC)NC1=O,0,0,0,0,0,0,0,0.0,0.0,0,CHEMBL6329,,,True,False,,,,,,,,,0,,,,,True,,,,,,0,0,0,0,False,,,0,False,0.0,0.0,25,PFI-1,CN1CC2=C(C=CC(=C2)NS(=O)(=O)C3=CC=CC=C3OC)NC1=O,0.0,0,0,0,False,PFI-1,CN1CC2=C(C=CC(=C2)NS(=O)(=O)C3=CC=CC=C3OC)NC1=O,0.0,0,0,0,WARNING,stage3_exploratory_supportive,3단계 약물,ADMET_WARNING,25,False,not_selected_stage3_warning_priority
crc,25,1582,SGC-CBP30,CC1=C(C(=NO1)C)C2=CC3=C(C=C2)N(C(=N3)CCC4=CC(=C(C=C4)OC)Cl)CC(C)N5CCOCC5,0,0,0,0,0,0,0,0.0,0.0,0,CHEMBL6329,,,True,False,,,,,,,,,0,,,,,True,,,,,,0,0,0,0,False,,,0,False,0.0,0.0,26,SGC-CBP30,CC1=C(C(=NO1)C)C2=CC3=C(C=C2)N(C(=N3)CCC4=CC(=C(C=C4)OC)Cl)CC(C)N5CCOCC5,0.0,0,0,0,False,SGC-CBP30,CC1=C(C(=NO1)C)C2=CC3=C(C=C2)N(C(=N3)CCC4=CC(=C(C=C4)OC)Cl)CC(C)N5CCOCC5,0.0,0,0,0,WARNING,stage3_exploratory_supportive,3단계 약물,ADMET_WARNING,26,False,not_selected_stage3_warning_priority
crc,27,1996,MIM1,CC1=CSC(=NC2CCCCC2)N1N=CC3=C(C(=C(C=C3)O)O)O,0,0,0,0,0,0,0,0.0,0.0,0,CHEMBL6329,,,True,False,,,,,,,,,0,,,,,True,,,,,,0,0,0,0,False,,,0,False,0.0,0.0,27,MIM1,CC1=CSC(=NC2CCCCC2)N1N=CC3=C(C(=C(C=C3)O)O)O,0.0,0,0,0,False,MIM1,CC1=CSC(=NC2CCCCC2)N1N=CC3=C(C(=C(C=C3)O)O)O,0.0,0,0,0,PASS,stage2_evidence_review,2단계 약물,ADMET_PASS_and_not_stage1,27,False,not_selected_rank_outside_top15_after_stage_order
crc,28,2170,AT13148,NC[C@@](O)(c1ccc(Cl)cc1)c1ccc(-c2cn[nH]c2)cc1,0,0,0,0,0,0,0,0.0,0.0,0,CHEMBL6329,,,True,False,,,,,,,,,0,,,,,True,,,,,,0,0,0,0,False,,,0,False,0.0,0.0,28,AT13148,NC[C@@](O)(c1ccc(Cl)cc1)c1ccc(-c2cn[nH]c2)cc1,0.0,0,0,0,False,AT13148,NC[C@@](O)(c1ccc(Cl)cc1)c1ccc(-c2cn[nH]c2)cc1,0.0,0,0,0,WARNING,stage3_exploratory_supportive,3단계 약물,ADMET_WARNING,28,False,not_selected_stage3_warning_priority
crc,29,2111,VE821,CS(=O)(=O)C1=CC=C(C=C1)C2=CN=C(C(=N2)C(=O)NC3=CC=CC=C3)N,0,0,0,0,0,0,0,0.0,0.0,0,CHEMBL6329,,,True,False,,,,,,,,,0,,,,,True,,,,,,0,0,0,0,False,,,0,False,0.0,0.0,29,VE821,CS(=O)(=O)C1=CC=C(C=C1)C2=CN=C(C(=N2)C(=O)NC3=CC=CC=C3)N,0.0,0,0,0,False,VE821,CS(=O)(=O)C1=CC=C(C=C1)C2=CN=C(C(=N2)C(=O)NC3=CC=CC=C3)N,0.0,0,0,0,WARNING,stage3_exploratory_supportive,3단계 약물,ADMET_WARNING,29,False,not_selected_stage3_warning_priority
crc,30,1133,Serdemetan,c1ccc2c(CCNc3ccc(Nc4ccncc4)cc3)c[nH]c2c1,0,0,0,0,0,0,0,0.0,0.0,0,CHEMBL6329,,,True,False,,,,,,,,,0,,,,,True,,,,,,0,0,0,0,False,,,0,False,0.0,0.0,30,Serdemetan,c1ccc2c(CCNc3ccc(Nc4ccncc4)cc3)c[nH]c2c1,0.0,0,0,0,False,Serdemetan,c1ccc2c(CCNc3ccc(Nc4ccncc4)cc3)c[nH]c2c1,0.0,0,0,0,WARNING,stage3_exploratory_supportive,3단계 약물,ADMET_WARNING,30,False,not_selected_stage3_warning_priority
luad,6,1578,Leflunomide,Cc1oncc1C(=O)Nc1ccc(C(F)(F)F)cc1,1,2,1,0,1,2,1,0.5,7.0,1,CHEMBL960,CHEMBL1966,Dihydroorotate dehydrogenase inhibitor (target CHEMBL1966),True,True,Graph component is partial for LUAD due to missing LUAD 2-model graph evaluations.,15.0,4.9488010106463864,54.124293785310726,55.0,,False,,1,0.0,,0.0,unmatched,True,0.0,,0.0,unmatched,True,0,0,1,0,False,,gdsc,1,False,6.0,1.0,1,Leflunomide,Cc1oncc1C(=O)Nc1ccc(C(F)(F)F)cc1,7.0,2,1,1,True,Leflunomide,Cc1oncc1C(=O)Nc1ccc(C(F)(F)F)cc1,7.0,2,1,1,WARNING,stage3_exploratory_supportive,3단계 약물,ADMET_WARNING,1,True,selected_top15_by_step7_protocol_rank
luad,3,1018,Veliparib,C[C@]1(c2nc3c(C(N)=O)cccc3[nH]2)CCCN1,2,1,0,0,1,2,1,0.5,6.0,15,CHEMBL506871,CHEMBL3390820,"PARP 1, 2 and 3 inhibitor (target CHEMBL3390820)",True,True,Graph component is partial for LUAD due to missing LUAD 2-model graph evaluations.,9.0,5.0746322509515345,18.922084492790287,61.0,61.0,False,False,0,1024.0,47.368421052631575,0.0,broad_id_partial_recovery_manual_review,True,0.0,,0.0,unmatched,True,0,0,0,0,False,,gdsc|prism,2,False,6.0,0.0,2,Veliparib,C[C@]1(c2nc3c(C(N)=O)cccc3[nH]2)CCCN1,6.0,1,2,15,False,Veliparib,C[C@]1(c2nc3c(C(N)=O)cccc3[nH]2)CCCN1,6.0,1,2,15,WARNING,stage3_exploratory_supportive,3단계 약물,ADMET_WARNING,2,True,selected_top15_by_step7_protocol_rank
luad,2,1814,Nelarabine,COc1nc(N)nc2c1ncn2[C@@H]1O[C@H](CO)[C@@H](O)[C@@H]1O,0,2,0,0,1,2,1,0.5,5.0,0,CHEMBL1201112,CHEMBL2311221,DNA inhibitor (target CHEMBL2311221),True,True,Graph component is partial for LUAD due to missing LUAD 2-model graph evaluations.,6.0,5.79743081228656,9.830508474576272,47.0,,False,,0,0.0,,0.0,unmatched,True,0.0,,0.0,unmatched,True,0,0,0,0,False,,gdsc,1,False,5.0,0.0,3,Nelarabine,COc1nc(N)nc2c1ncn2[C@@H]1O[C@H](CO)[C@@H](O)[C@@H]1O,5.0,2,0,0,False,Nelarabine,COc1nc(N)nc2c1ncn2[C@@H]1O[C@H](CO)[C@@H](O)[C@@H]1O,5.0,2,0,0,WARNING,stage3_exploratory_supportive,3단계 약물,ADMET_WARNING,3,True,selected_top15_by_step7_protocol_rank
luad,1,2499,N-acetyl cysteine,CC(=O)N[C@@H](CS)C(O)=O,2,0,3,0,0,0,0,0.5,4.0,6,,,,True,True,Graph component is partial for LUAD due to missing LUAD 2-model graph evaluations.,2.0,9.3845582065434,30.62146892655367,51.0,,False,,0,928.0,100.0,3.0,broad_id_partial_recovery_manual_review,True,0.0,,0.0,unmatched,True,3,0,3,0,False,,gdsc|prism,2,False,1.0,3.0,4,N-acetyl cysteine,CC(=O)N[C@@H](CS)C(O)=O,4.0,0,2,6,False,N-acetyl cysteine,CC(=O)N[C@@H](CS)C(O)=O,4.0,0,2,6,WARNING,stage3_exploratory_supportive,3단계 약물,ADMET_WARNING,4,True,selected_top15_by_step7_protocol_rank
luad,8,1067,CCT007093,C1CC(=CC2=CC=CS2)C(=O)C1=CC3=CC=CS3,0,0,3,0,0,0,0,0.5,2.0,0,CHEMBL6329,,,True,True,Graph component is partial for LUAD due to missing LUAD 2-model graph evaluations.,18.0,4.871366765292896,24.8274728054642,61.0,60.0,False,False,0,556.0,89.47368421052633,3.0,broad_id_partial_recovery_manual_review,True,0.0,,0.0,unmatched,True,3,0,3,0,False,,gdsc|prism,2,False,-1.0,3.0,5,CCT007093,C1CC(=CC2=CC=CS2)C(=O)C1=CC3=CC=CS3,2.0,0,0,0,False,CCT007093,C1CC(=CC2=CC=CS2)C(=O)C1=CC3=CC=CS3,2.0,0,0,0,WARNING,stage3_exploratory_supportive,3단계 약물,ADMET_WARNING,5,True,selected_top15_by_step7_protocol_rank
luad,7,1043,JNK Inhibitor VIII,CCOC1=C(C(=CC(=N1)NC(=O)CC2=C(C=CC(=C2)OC)OC)N)C#N,0,0,2,0,0,0,0,0.5,1.0,0,CHEMBL6329,,,True,True,Graph component is partial for LUAD due to missing LUAD 2-model graph evaluations.,16.0,4.947578159964503,25.395733198414703,62.0,61.0,False,False,0,2037.0,78.94736842105263,2.0,broad_id_partial_recovery_manual_review,True,0.0,,0.0,unmatched,True,2,0,2,0,False,,gdsc|prism,2,False,-1.0,2.0,6,JNK Inhibitor VIII,CCOC1=C(C(=CC(=N1)NC(=O)CC2=C(C=CC(=C2)OC)OC)N)C#N,1.0,0,0,0,False,JNK Inhibitor VIII,CCOC1=C(C(=CC(=N1)NC(=O)CC2=C(C=CC(=C2)OC)OC)N)C#N,1.0,0,0,0,PASS,stage2_evidence_review,2단계 약물,ADMET_PASS_and_not_stage1,6,True,selected_top15_by_step7_protocol_rank
luad,15,1853,OF-1,CC1=C(C=CC(=C1)Br)S(=O)(=O)NC2=CC3=C(C=C2OC)N(C(=O)N3C)C,2,0,0,0,0,0,0,0.5,1.0,120,CHEMBL6329,,,True,True,Graph component is partial for LUAD due to missing LUAD 2-model graph evaluations.,,,,,,,,0,,,,,True,,,,,,0,0,0,0,False,,,0,False,1.0,0.0,7,OF-1,CC1=C(C=CC(=C1)Br)S(=O)(=O)NC2=CC3=C(C=C2OC)N(C(=O)N3C)C,1.0,0,2,120,False,OF-1,CC1=C(C=CC(=C1)Br)S(=O)(=O)NC2=CC3=C(C=C2OC)N(C(=O)N3C)C,1.0,0,2,120,WARNING,stage3_exploratory_supportive,3단계 약물,ADMET_WARNING,7,True,selected_top15_by_step7_protocol_rank
luad,22,1816,Fulvestrant,C[C@]12CC[C@@H]3c4ccc(O)cc4C[C@@H](CCCCCCCCC[S+]([O-])CCCC(F)(F)C(F)(F)F)[C@H]3[C@@H]1CC[C@@H]2O,2,0,0,0,0,0,0,0.5,1.0,24,CHEMBL6329,,,True,True,Graph component is partial for LUAD due to missing LUAD 2-model graph evaluations.,,,,,,,,0,,,,,True,,,,,,0,0,0,0,False,,,0,False,1.0,0.0,8,Fulvestrant,C[C@]12CC[C@@H]3c4ccc(O)cc4C[C@@H](CCCCCCCCC[S+]([O-])CCCC(F)(F)C(F)(F)F)[C@H]3[C@@H]1CC[C@@H]2O,1.0,0,2,24,False,Fulvestrant,C[C@]12CC[C@@H]3c4ccc(O)cc4C[C@@H](CCCCCCCCC[S+]([O-])CCCC(F)(F)C(F)(F)F)[C@H]3[C@@H]1CC[C@@H]2O,1.0,0,2,24,WARNING,stage3_exploratory_supportive,3단계 약물,ADMET_WARNING,8,True,selected_top15_by_step7_protocol_rank
luad,25,1200,Fulvestrant,C[C@]12CC[C@@H]3c4ccc(O)cc4C[C@@H](CCCCCCCCC[S+]([O-])CCCC(F)(F)C(F)(F)F)[C@H]3[C@@H]1CC[C@@H]2O,2,0,0,0,0,0,0,0.5,1.0,24,CHEMBL6329,,,True,True,Graph component is partial for LUAD due to missing LUAD 2-model graph evaluations.,,,,,,,,0,,,,,True,,,,,,0,0,0,0,False,,,0,False,1.0,0.0,9,Fulvestrant,C[C@]12CC[C@@H]3c4ccc(O)cc4C[C@@H](CCCCCCCCC[S+]([O-])CCCC(F)(F)C(F)(F)F)[C@H]3[C@@H]1CC[C@@H]2O,1.0,0,2,24,False,Fulvestrant,C[C@]12CC[C@@H]3c4ccc(O)cc4C[C@@H](CCCCCCCCC[S+]([O-])CCCC(F)(F)C(F)(F)F)[C@H]3[C@@H]1CC[C@@H]2O,1.0,0,2,24,WARNING,stage3_exploratory_supportive,3단계 약물,ADMET_WARNING,9,True,selected_top15_by_step7_protocol_rank
luad,5,1620,PFI3,C1C2CN(C1CN2C3=CC=CC=N3)C=CC(=O)C4=CC=CC=C4O,0,0,1,0,0,0,0,0.5,0.0,0,,,,True,True,Graph component is partial for LUAD due to missing LUAD 2-model graph evaluations.,11.0,5.047005034905466,6.8926553672316375,55.0,,False,,0,1000.0,63.15789473684211,1.0,broad_id_partial_recovery_manual_review,True,0.0,,0.0,unmatched,True,1,0,1,0,False,,gdsc|prism,2,False,-1.0,1.0,10,PFI3,C1C2CN(C1CN2C3=CC=CC=N3)C=CC(=O)C4=CC=CC=C4O,0.0,0,0,0,False,PFI3,C1C2CN(C1CN2C3=CC=CC=N3)C=CC(=O)C4=CC=CC=C4O,0.0,0,0,0,WARNING,stage3_exploratory_supportive,3단계 약물,ADMET_WARNING,10,True,selected_top15_by_step7_protocol_rank
luad,9,2057,Remodelin,C1CCC(=NNC2=NC(=CS2)C3=CC=C(C=C3)C#N)C1,0,0,1,0,0,0,0,0.5,0.0,0,,,,True,True,Graph component is partial for LUAD due to missing LUAD 2-model graph evaluations.,19.0,4.861437406146044,54.01129943502824,27.0,,False,,1,0.0,,0.0,unmatched,True,0.0,,0.0,unmatched,True,0,0,1,0,False,,gdsc,1,False,-1.0,1.0,11,Remodelin,C1CCC(=NNC2=NC(=CS2)C3=CC=C(C=C3)C#N)C1,0.0,0,0,0,False,Remodelin,C1CCC(=NNC2=NC(=CS2)C3=CC=C(C=C3)C#N)C1,0.0,0,0,0,WARNING,stage3_exploratory_supportive,3단계 약물,ADMET_WARNING,11,True,selected_top15_by_step7_protocol_rank
luad,11,2107,LJI308,C1COCCN1C2=CC=C(C=C2)C3=C(C=NC=C3)C4=CC(=C(C(=C4)F)O)F,0,0,1,0,0,0,0,0.5,0.0,0,,,,True,True,Graph component is partial for LUAD due to missing LUAD 2-model graph evaluations.,28.0,4.666767687659287,35.48022598870056,62.0,,False,,0,1032.0,57.89473684210527,1.0,broad_id_partial_recovery_manual_review,True,0.0,,0.0,unmatched,True,1,0,1,0,False,,gdsc|prism,2,False,-1.0,1.0,12,LJI308,C1COCCN1C2=CC=C(C=C2)C3=C(C=NC=C3)C4=CC(=C(C(=C4)F)O)F,0.0,0,0,0,False,LJI308,C1COCCN1C2=CC=C(C=C2)C3=C(C=NC=C3)C4=CC(=C(C(=C4)F)O)F,0.0,0,0,0,WARNING,stage3_exploratory_supportive,3단계 약물,ADMET_WARNING,12,True,selected_top15_by_step7_protocol_rank
luad,14,1199,Tamoxifen,CC/C(=C(\c1ccccc1)c1ccc(OCCN(C)C)cc1)c1ccccc1,1,0,0,0,0,0,0,0.5,0.0,4,CHEMBL6329,,,True,True,Graph component is partial for LUAD due to missing LUAD 2-model graph evaluations.,,,,,,,,0,,,,,True,,,,,,0,0,0,0,False,,,0,False,0.0,0.0,13,Tamoxifen,CC/C(=C(\c1ccccc1)c1ccc(OCCN(C)C)cc1)c1ccccc1,0.0,0,1,4,False,Tamoxifen,CC/C(=C(\c1ccccc1)c1ccc(OCCN(C)C)cc1)c1ccccc1,0.0,0,1,4,WARNING,stage3_exploratory_supportive,3단계 약물,ADMET_WARNING,13,True,selected_top15_by_step7_protocol_rank
luad,16,1510,Linsitinib,C[C@]1(O)C[C@@H](c2nc(-c3ccc4ccc(-c5ccccc5)nc4c3)c3c(N)nccn32)C1,1,0,0,0,0,0,0,0.5,0.0,6,CHEMBL6329,,,True,True,Graph component is partial for LUAD due to missing LUAD 2-model graph evaluations.,,,,,,,,0,,,,,True,,,,,,0,0,0,0,False,,,0,False,0.0,0.0,14,Linsitinib,C[C@]1(O)C[C@@H](c2nc(-c3ccc4ccc(-c5ccccc5)nc4c3)c3c(N)nccn32)C1,0.0,0,1,6,False,Linsitinib,C[C@]1(O)C[C@@H](c2nc(-c3ccc4ccc(-c5ccccc5)nc4c3)c3c(N)nccn32)C1,0.0,0,1,6,PASS,stage1_transition_standard,1단계 약물,ADMET_PASS_and_(FDA_APPROVED_CANCER_BASED_or_CT>=3),14,True,selected_top15_by_step7_protocol_rank
luad,29,2113,VTP-B,UNK,1,0,0,0,0,0,0,0.5,0.0,1,CHEMBL6329,,,True,True,Graph component is partial for LUAD due to missing LUAD 2-model graph evaluations.,,,,,,,,0,,,,,True,,,,,,0,0,0,0,False,,,0,False,0.0,0.0,15,VTP-B,UNK,0.0,0,1,1,False,VTP-B,UNK,0.0,0,1,1,WARNING,stage3_exploratory_supportive,3단계 약물,ADMET_WARNING,15,True,selected_top15_by_step7_protocol_rank
luad,4,1563,EPZ5676,CC(C)N(CC1C(C(C(O1)N2C=NC3=C(N=CN=C32)N)O)O)C4CC(C4)CCC5=NC6=C(N5)C=C(C=C6)C(C)(C)C,0,0,0,0,0,0,0,0.5,-1.0,0,,,,True,True,Graph component is partial for LUAD due to missing LUAD 2-model graph evaluations.,10.0,5.064173619000708,15.93220338983051,62.0,,False,,0,0.0,,0.0,unmatched,True,0.0,,0.0,unmatched,True,0,0,0,0,False,,gdsc,1,False,-1.0,0.0,16,EPZ5676,CC(C)N(CC1C(C(C(O1)N2C=NC3=C(N=CN=C32)N)O)O)C4CC(C4)CCC5=NC6=C(N5)C=C(C=C6)C(C)(C)C,-1.0,0,0,0,False,EPZ5676,CC(C)N(CC1C(C(C(O1)N2C=NC3=C(N=CN=C32)N)O)O)C4CC(C4)CCC5=NC6=C(N5)C=C(C=C6)C(C)(C)C,-1.0,0,0,0,PASS,stage2_evidence_review,2단계 약물,ADMET_PASS_and_not_stage1,16,False,not_selected_rank_outside_top15_after_stage_order
luad,10,1048,Mirin,N=C1NC(=O)/C(=C/c2ccc(O)cc2)S1,0,0,0,0,0,0,0,0.5,-1.0,0,CHEMBL570841,,,True,True,Graph component is partial for LUAD due to missing LUAD 2-model graph evaluations.,26.0,4.687894888387181,43.554768530230206,55.0,58.0,False,False,0,0.0,,0.0,unmatched,True,0.0,,0.0,unmatched,True,0,0,0,0,False,,gdsc,1,False,-1.0,0.0,17,Mirin,N=C1NC(=O)/C(=C/c2ccc(O)cc2)S1,-1.0,0,0,0,False,Mirin,N=C1NC(=O)/C(=C/c2ccc(O)cc2)S1,-1.0,0,0,0,WARNING,stage3_exploratory_supportive,3단계 약물,ADMET_WARNING,17,False,not_selected_stage3_warning_priority
luad,12,1804,Acetalax,CC(=O)OC1=CC=C(C=C1)C2(C3=CC=CC=C3NC2=O)C4=CC=C(C=C4)OC(=O)C,0,0,0,0,0,0,0,0.5,-1.0,0,CHEMBL6329,,,True,True,Graph component is partial for LUAD due to missing LUAD 2-model graph evaluations.,,,,,,,,0,,,,,True,,,,,,0,0,0,0,False,,,0,False,-1.0,0.0,18,Acetalax,CC(=O)OC1=CC=C(C=C1)C2(C3=CC=CC=C3NC2=O)C4=CC=C(C=C4)OC(=O)C,-1.0,0,0,0,False,Acetalax,CC(=O)OC1=CC=C(C=C1)C2(C3=CC=CC=C3NC2=O)C4=CC=C(C=C4)OC(=O)C,-1.0,0,0,0,WARNING,stage3_exploratory_supportive,3단계 약물,ADMET_WARNING,18,False,not_selected_stage3_warning_priority
luad,13,1803,Acetalax,CC(=O)OC1=CC=C(C=C1)C2(C3=CC=CC=C3NC2=O)C4=CC=C(C=C4)OC(=O)C,0,0,0,0,0,0,0,0.5,-1.0,0,CHEMBL6329,,,True,True,Graph component is partial for LUAD due to missing LUAD 2-model graph evaluations.,,,,,,,,0,,,,,True,,,,,,0,0,0,0,False,,,0,False,-1.0,0.0,19,Acetalax,CC(=O)OC1=CC=C(C=C1)C2(C3=CC=CC=C3NC2=O)C4=CC=C(C=C4)OC(=O)C,-1.0,0,0,0,False,Acetalax,CC(=O)OC1=CC=C(C=C1)C2(C3=CC=CC=C3NC2=O)C4=CC=C(C=C4)OC(=O)C,-1.0,0,0,0,WARNING,stage3_exploratory_supportive,3단계 약물,ADMET_WARNING,19,False,not_selected_stage3_warning_priority
luad,17,1194,SB505124,CC1=NC(=CC=C1)C2=C(N=C(N2)C(C)(C)C)C3=CC4=C(C=C3)OCO4,0,0,0,0,0,0,0,0.5,-1.0,0,CHEMBL6329,,,True,True,Graph component is partial for LUAD due to missing LUAD 2-model graph evaluations.,,,,,,,,0,,,,,True,,,,,,0,0,0,0,False,,,0,False,-1.0,0.0,20,SB505124,CC1=NC(=CC=C1)C2=C(N=C(N2)C(C)(C)C)C3=CC4=C(C=C3)OCO4,-1.0,0,0,0,False,SB505124,CC1=NC(=CC=C1)C2=C(N=C(N2)C(C)(C)C)C3=CC4=C(C=C3)OCO4,-1.0,0,0,0,WARNING,stage3_exploratory_supportive,3단계 약물,ADMET_WARNING,20,False,not_selected_stage3_warning_priority
luad,18,1831,L-Oxonoreleagnine,C1CNC(=O)C2=C1C3=CC=CC=C3N2,0,0,0,0,0,0,0,0.5,-1.0,0,CHEMBL6329,,,True,True,Graph component is partial for LUAD due to missing LUAD 2-model graph evaluations.,,,,,,,,0,,,,,True,,,,,,0,0,0,0,False,,,0,False,-1.0,0.0,21,L-Oxonoreleagnine,C1CNC(=O)C2=C1C3=CC=CC=C3N2,-1.0,0,0,0,False,L-Oxonoreleagnine,C1CNC(=O)C2=C1C3=CC=CC=C3N2,-1.0,0,0,0,WARNING,stage3_exploratory_supportive,3단계 약물,ADMET_WARNING,21,False,not_selected_stage3_warning_priority
luad,19,1835,Elephantin,C=C1C(=O)O[C@H]2[C@H]1[C@@H](OC(=O)C=C(C)C)CC1=C[C@@H](C[C@@]3(C)O[C@H]23)OC1=O,0,0,0,0,0,0,0,0.5,-1.0,0,CHEMBL6329,,,True,True,Graph component is partial for LUAD due to missing LUAD 2-model graph evaluations.,,,,,,,,0,,,,,True,,,,,,0,0,0,0,False,,,0,False,-1.0,0.0,22,Elephantin,C=C1C(=O)O[C@H]2[C@H]1[C@@H](OC(=O)C=C(C)C)CC1=C[C@@H](C[C@@]3(C)O[C@H]23)OC1=O,-1.0,0,0,0,False,Elephantin,C=C1C(=O)O[C@H]2[C@H]1[C@@H](OC(=O)C=C(C)C)CC1=C[C@@H](C[C@@]3(C)O[C@H]23)OC1=O,-1.0,0,0,0,WARNING,stage3_exploratory_supportive,3단계 약물,ADMET_WARNING,22,False,not_selected_stage3_warning_priority
luad,20,1838,Sinularin,CC1=CCCC(C2CC(CCC3(C(O3)CC1)C)C(=C)C(=O)O2)(C)O,0,0,0,0,0,0,0,0.5,-1.0,0,CHEMBL6329,,,True,True,Graph component is partial for LUAD due to missing LUAD 2-model graph evaluations.,,,,,,,,0,,,,,True,,,,,,0,0,0,0,False,,,0,False,-1.0,0.0,23,Sinularin,CC1=CCCC(C2CC(CCC3(C(O3)CC1)C)C(=C)C(=O)O2)(C)O,-1.0,0,0,0,False,Sinularin,CC1=CCCC(C2CC(CCC3(C(O3)CC1)C)C(=C)C(=O)O2)(C)O,-1.0,0,0,0,WARNING,stage3_exploratory_supportive,3단계 약물,ADMET_WARNING,23,False,not_selected_stage3_warning_priority
luad,21,1502,Bicalutamide,CC(O)(CS(=O)(=O)c1ccc(F)cc1)C(=O)Nc1ccc(C#N)c(C(F)(F)F)c1,0,0,0,0,0,0,0,0.5,-1.0,0,CHEMBL6329,,,True,True,Graph component is partial for LUAD due to missing LUAD 2-model graph evaluations.,,,,,,,,0,,,,,True,,,,,,0,0,0,0,False,,,0,False,-1.0,0.0,24,Bicalutamide,CC(O)(CS(=O)(=O)c1ccc(F)cc1)C(=O)Nc1ccc(C#N)c(C(F)(F)F)c1,-1.0,0,0,0,False,Bicalutamide,CC(O)(CS(=O)(=O)c1ccc(F)cc1)C(=O)Nc1ccc(C#N)c(C(F)(F)F)c1,-1.0,0,0,0,WARNING,stage3_exploratory_supportive,3단계 약물,ADMET_WARNING,24,False,not_selected_stage3_warning_priority
luad,23,1039,SL0101,CC1C(C(C(C(O1)OC2=C(OC3=CC(=CC(=C3C2=O)O)O)C4=CC=C(C=C4)O)O)OC(=O)C)OC(=O)C,0,0,0,0,0,0,0,0.5,-1.0,0,CHEMBL6329,,,True,True,Graph component is partial for LUAD due to missing LUAD 2-model graph evaluations.,,,,,,,,0,,,,,True,,,,,,0,0,0,0,False,,,0,False,-1.0,0.0,25,SL0101,CC1C(C(C(C(O1)OC2=C(OC3=CC(=CC(=C3C2=O)O)O)C4=CC=C(C=C4)O)O)OC(=O)C)OC(=O)C,-1.0,0,0,0,False,SL0101,CC1C(C(C(C(O1)OC2=C(OC3=CC(=CC(=C3C2=O)O)O)C4=CC=C(C=C4)O)O)OC(=O)C)OC(=O)C,-1.0,0,0,0,WARNING,stage3_exploratory_supportive,3단계 약물,ADMET_WARNING,25,False,not_selected_stage3_warning_priority
luad,24,2175,CHIR-99021,CC1=CN=C(N1)C2=CN=C(N=C2C3=C(C=C(C=C3)Cl)Cl)NCCNC4=NC=C(C=C4)C#N,0,0,0,0,0,0,0,0.5,-1.0,0,CHEMBL6329,,,True,True,Graph component is partial for LUAD due to missing LUAD 2-model graph evaluations.,,,,,,,,0,,,,,True,,,,,,0,0,0,0,False,,,0,False,-1.0,0.0,26,CHIR-99021,CC1=CN=C(N1)C2=CN=C(N=C2C3=C(C=C(C=C3)Cl)Cl)NCCNC4=NC=C(C=C4)C#N,-1.0,0,0,0,False,CHIR-99021,CC1=CN=C(N1)C2=CN=C(N=C2C3=C(C=C(C=C3)Cl)Cl)NCCNC4=NC=C(C=C4)C#N,-1.0,0,0,0,PASS,stage2_evidence_review,2단계 약물,ADMET_PASS_and_not_stage1,26,False,not_selected_rank_outside_top15_after_stage_order
luad,26,1618,GSK2606414,CN1C=C(C2=C(N=CN=C21)N)C3=CC4=C(C=C3)N(CC4)C(=O)CC5=CC(=CC=C5)C(F)(F)F,0,0,0,0,0,0,0,0.5,-1.0,0,CHEMBL6329,,,True,True,Graph component is partial for LUAD due to missing LUAD 2-model graph evaluations.,,,,,,,,0,,,,,True,,,,,,0,0,0,0,False,,,0,False,-1.0,0.0,27,GSK2606414,CN1C=C(C2=C(N=CN=C21)N)C3=CC4=C(C=C3)N(CC4)C(=O)CC5=CC(=CC=C5)C(F)(F)F,-1.0,0,0,0,False,GSK2606414,CN1C=C(C2=C(N=CN=C21)N)C3=CC4=C(C=C3)N(CC4)C(=O)CC5=CC(=CC=C5)C(F)(F)F,-1.0,0,0,0,WARNING,stage3_exploratory_supportive,3단계 약물,ADMET_WARNING,27,False,not_selected_stage3_warning_priority
luad,27,1023,GW441756,CN1C=C(C2=CC=CC=C21)C=C3C4=C(C=CC=N4)NC3=O.Cl,0,0,0,0,0,0,0,0.5,-1.0,0,CHEMBL6329,,,True,True,Graph component is partial for LUAD due to missing LUAD 2-model graph evaluations.,,,,,,,,0,,,,,True,,,,,,0,0,0,0,False,,,0,False,-1.0,0.0,28,GW441756,CN1C=C(C2=CC=CC=C21)C=C3C4=C(C=CC=N4)NC3=O.Cl,-1.0,0,0,0,False,GW441756,CN1C=C(C2=CC=CC=C21)C=C3C4=C(C=CC=N4)NC3=O.Cl,-1.0,0,0,0,PASS,stage2_evidence_review,2단계 약물,ADMET_PASS_and_not_stage1,28,False,not_selected_rank_outside_top15_after_stage_order
luad,28,1738,IGF1R_3801,UNK,0,0,0,0,0,0,0,0.5,-1.0,0,CHEMBL6329,,,True,True,Graph component is partial for LUAD due to missing LUAD 2-model graph evaluations.,,,,,,,,0,,,,,True,,,,,,0,0,0,0,False,,,0,False,-1.0,0.0,29,IGF1R_3801,UNK,-1.0,0,0,0,False,IGF1R_3801,UNK,-1.0,0,0,0,WARNING,stage3_exploratory_supportive,3단계 약물,ADMET_WARNING,29,False,not_selected_stage3_warning_priority
luad,30,1940,WIKI4,COC1=CC=C(C=C1)N2C(=NN=C2SCCCN3C(=O)C4=CC=CC5=C4C(=CC=C5)C3=O)C6=CC=NC=C6,0,0,0,0,0,0,0,0.5,-1.0,0,CHEMBL6329,,,True,True,Graph component is partial for LUAD due to missing LUAD 2-model graph evaluations.,,,,,,,,0,,,,,True,,,,,,0,0,0,0,False,,,0,False,-1.0,0.0,30,WIKI4,COC1=CC=C(C=C1)N2C(=NN=C2SCCCN3C(=O)C4=CC=CC5=C4C(=CC=C5)C3=O)C6=CC=NC=C6,-1.0,0,0,0,False,WIKI4,COC1=CC=C(C=C1)N2C(=NN=C2SCCCN3C(=O)C4=CC=CC5=C4C(=CC=C5)C3=O)C6=CC=NC=C6,-1.0,0,0,0,PASS,stage2_evidence_review,2단계 약물,ADMET_PASS_and_not_stage1,30,False,not_selected_rank_outside_top15_after_stage_order
stad,2,1815,Dacarbazine,CN(C)/N=N/c1[nH]cnc1C(N)=O,2,2,0,0,1,2,1,0.0,8.0,9,CHEMBL476,CHEMBL2311221,DNA inhibitor (target CHEMBL2311221),True,False,,6.0,5.829550626987805,23.72881355932203,18.0,,False,,0,61.0,33.33333333333334,0.0,broad_id_partial_recovery_manual_review,True,0.0,,0.0,unmatched,True,0,0,0,0,False,,gdsc|prism,2,False,8.0,0.0,1,Dacarbazine,CN(C)/N=N/c1[nH]cnc1C(N)=O,8.0,2,2,9,True,Dacarbazine,CN(C)/N=N/c1[nH]cnc1C(N)=O,8.0,2,2,9,WARNING,stage3_exploratory_supportive,3단계 약물,ADMET_WARNING,1,True,selected_top15_by_step7_protocol_rank
stad,6,1029,Motesanib,CC1(C)CNc2cc(NC(=O)c3cccnc3NCc3ccncc3)ccc21,0,1,2,0,2,2,1,0.0,8.0,0,CHEMBL572881,"CHEMBL1936, CHEMBL2041, CHEMBL2095227, CHEMBL2095189",Stem cell growth factor receptor inhibitor (target CHEMBL1936); Tyrosine-protein kinase receptor RET inhibitor (target CHEMBL2041); Vascular endothelial growth factor receptor inhibitor (target CHEMBL2095227); Platelet-derived growth factor receptor inhibitor (target CHEMBL2095189),True,False,,11.0,5.13106261246587,27.671810439328777,23.0,24.0,True,False,0,24.0,72.22222222222223,2.0,broad_id_partial_recovery_manual_review,True,0.0,,0.0,unmatched,True,2,0,2,0,False,,gdsc|prism,2,True,6.0,2.0,2,Motesanib,CC1(C)CNc2cc(NC(=O)c3cccnc3NCc3ccncc3)ccc21,8.0,1,0,0,False,Motesanib,CC1(C)CNc2cc(NC(=O)c3cccnc3NCc3ccncc3)ccc21,8.0,1,0,0,PASS,stage2_evidence_review,2단계 약물,ADMET_PASS_and_not_stage1,2,True,selected_top15_by_step7_protocol_rank
stad,7,1009,Tretinoin,CC1=C(/C=C/C(C)=C/C=C/C(C)=C/C(=O)O)C(C)(C)CCC1,0,2,0,0,1,2,1,0.0,6.0,0,CHEMBL705,CHEMBL2363071,Retinoid receptor agonist (target CHEMBL2363071),True,False,,12.0,5.0625006341471845,9.49818703094696,2.0,24.0,False,False,0,49.0,38.8888888888889,0.0,broad_id_partial_recovery_manual_review,True,0.0,,0.0,unmatched,True,0,0,0,0,False,,gdsc|prism,2,False,6.0,0.0,3,Tretinoin,CC1=C(/C=C/C(C)=C/C=C/C(C)=C/C(=O)O)C(C)(C)CCC1,6.0,2,0,0,False,Tretinoin,CC1=C(/C=C/C(C)=C/C=C/C(C)=C/C(=O)O)C(C)(C)CCC1,6.0,2,0,0,WARNING,stage3_exploratory_supportive,3단계 약물,ADMET_WARNING,3,True,selected_top15_by_step7_protocol_rank
stad,5,1042,Doramapimod,Cc1ccc(-n2nc(C(C)(C)C)cc2NC(=O)Nc2ccc(OCCN3CCOCC3)c3ccccc23)cc1,0,1,0,0,1,2,1,0.0,5.0,0,CHEMBL103667,CHEMBL260,MAP kinase p38 alpha inhibitor (target CHEMBL260),True,False,,10.0,5.165814099877274,9.596508980521124,24.0,24.0,False,False,0,109.0,44.44444444444444,0.0,broad_id_partial_recovery_manual_review,True,0.0,,0.0,unmatched,True,0,0,0,0,False,,gdsc|prism,2,False,5.0,0.0,4,Doramapimod,Cc1ccc(-n2nc(C(C)(C)C)cc2NC(=O)Nc2ccc(OCCN3CCOCC3)c3ccccc23)cc1,5.0,1,0,0,False,Doramapimod,Cc1ccc(-n2nc(C(C)(C)C)cc2NC(=O)Nc2ccc(OCCN3CCOCC3)c3ccccc23)cc1,5.0,1,0,0,WARNING,stage3_exploratory_supportive,3단계 약물,ADMET_WARNING,4,True,selected_top15_by_step7_protocol_rank
stad,1,2439,glutathione,N[C@@H](CCC(=O)N[C@@H](CS)C(=O)NCC(=O)O)C(=O)O,0,0,3,0,0,0,0,0.0,3.0,0,CHEMBL145213,,,True,False,,2.0,8.328967972449352,26.214689265536723,22.0,,False,,0,34.0,88.8888888888889,3.0,broad_id_partial_recovery_manual_review,True,0.0,,0.0,unmatched,True,3,0,3,0,False,,gdsc|prism,2,False,0.0,3.0,5,glutathione,N[C@@H](CCC(=O)N[C@@H](CS)C(=O)NCC(=O)O)C(=O)O,3.0,0,0,0,False,glutathione,N[C@@H](CCC(=O)N[C@@H](CS)C(=O)NCC(=O)O)C(=O)O,3.0,0,0,0,WARNING,stage3_exploratory_supportive,3단계 약물,ADMET_WARNING,5,True,selected_top15_by_step7_protocol_rank
stad,11,1030,KU-55933,O=c1cc(-c2cccc3c2Sc2ccccc2S3)oc(N2CCOCC2)c1,0,0,3,0,0,0,0,0.0,3.0,0,CHEMBL6329,,,True,False,,21.0,4.835127199052677,36.68901256429716,24.0,24.0,False,False,0,24.0,94.44444444444444,3.0,broad_id_partial_recovery_manual_review,True,0.0,,0.0,unmatched,True,3,0,3,0,False,,gdsc|prism,2,False,0.0,3.0,6,KU-55933,O=c1cc(-c2cccc3c2Sc2ccccc2S3)oc(N2CCOCC2)c1,3.0,0,0,0,False,KU-55933,O=c1cc(-c2cccc3c2Sc2ccccc2S3)oc(N2CCOCC2)c1,3.0,0,0,0,WARNING,stage3_exploratory_supportive,3단계 약물,ADMET_WARNING,6,True,selected_top15_by_step7_protocol_rank
stad,9,1033,Vismodegib,CS(=O)(=O)c1ccc(C(=O)Nc2ccc(Cl)c(-c3ccccn3)c2)c(Cl)c1,1,0,0,0,0,0,0,0.0,1.0,3,CHEMBL6329,,,True,False,,16.0,4.986135134075577,29.73437895269416,23.0,24.0,False,False,0,48.0,22.222222222222214,0.0,broad_id_partial_recovery_manual_review,True,0.0,,0.0,unmatched,True,0,0,0,0,False,,gdsc|prism,2,False,1.0,0.0,7,Vismodegib,CS(=O)(=O)c1ccc(C(=O)Nc2ccc(Cl)c(-c3ccccn3)c2)c(Cl)c1,1.0,0,1,3,False,Vismodegib,CS(=O)(=O)c1ccc(C(=O)Nc2ccc(Cl)c(-c3ccccn3)c2)c(Cl)c1,1.0,0,1,3,WARNING,stage3_exploratory_supportive,3단계 약물,ADMET_WARNING,7,True,selected_top15_by_step7_protocol_rank
stad,19,1549,Sapitinib,CNC(=O)CN1CCC(Oc2cc3c(Nc4cccc(Cl)c4F)ncnc3cc2OC)CC1,1,0,0,0,0,0,0,0.0,1.0,1,CHEMBL6329,,,True,False,,,,,,,,,0,,,,,True,,,,,,0,0,0,0,False,,,0,False,1.0,0.0,8,Sapitinib,CNC(=O)CN1CCC(Oc2cc3c(Nc4cccc(Cl)c4F)ncnc3cc2OC)CC1,1.0,0,1,1,False,Sapitinib,CNC(=O)CN1CCC(Oc2cc3c(Nc4cccc(Cl)c4F)ncnc3cc2OC)CC1,1.0,0,1,1,WARNING,stage3_exploratory_supportive,3단계 약물,ADMET_WARNING,8,True,selected_top15_by_step7_protocol_rank
stad,23,1013,Nilotinib,Cc1cn(-c2cc(NC(=O)c3ccc(C)c(Nc4nccc(-c5cccnc5)n4)c3)cc(C(F)(F)F)c2)cn1,1,0,0,0,0,0,0,0.0,1.0,1,CHEMBL6329,,,True,False,,,,,,,,,0,,,,,True,,,,,,0,0,0,0,False,,,0,False,1.0,0.0,9,Nilotinib,Cc1cn(-c2cc(NC(=O)c3ccc(C)c(Nc4nccc(-c5cccnc5)n4)c3)cc(C(F)(F)F)c2)cn1,1.0,0,1,1,False,Nilotinib,Cc1cn(-c2cc(NC(=O)c3ccc(C)c(Nc4nccc(-c5cccnc5)n4)c3)cc(C(F)(F)F)c2)cn1,1.0,0,1,1,WARNING,stage3_exploratory_supportive,3단계 약물,ADMET_WARNING,9,True,selected_top15_by_step7_protocol_rank
stad,25,1918,AZD8186,C[C@@H](Nc1cc(F)cc(F)c1)c1cc(C(=O)N(C)C)cc2c(=O)cc(N3CCOCC3)oc12,1,0,0,0,0,0,0,0.0,1.0,1,CHEMBL6329,,,True,False,,,,,,,,,0,,,,,True,,,,,,0,0,0,0,False,,,0,False,1.0,0.0,10,AZD8186,C[C@@H](Nc1cc(F)cc(F)c1)c1cc(C(=O)N(C)C)cc2c(=O)cc(N3CCOCC3)oc12,1.0,0,1,1,False,AZD8186,C[C@@H](Nc1cc(F)cc(F)c1)c1cc(C(=O)N(C)C)cc2c(=O)cc(N3CCOCC3)oc12,1.0,0,1,1,WARNING,stage3_exploratory_supportive,3단계 약물,ADMET_WARNING,10,True,selected_top15_by_step7_protocol_rank
stad,3,1025,SB216763,Cn1cc(C2=C(c3ccc(Cl)cc3Cl)C(=O)NC2=O)c2ccccc21,0,0,0,0,0,0,0,0.0,0.0,0,,,,True,False,,8.0,5.223351596342501,16.082974955729824,24.0,21.0,False,False,0,24.0,11.111111111111112,0.0,broad_id_partial_recovery_manual_review,True,0.0,,0.0,unmatched,True,0,0,0,0,False,,gdsc|prism,2,False,0.0,0.0,11,SB216763,Cn1cc(C2=C(c3ccc(Cl)cc3Cl)C(=O)NC2=O)c2ccccc21,0.0,0,0,0,False,SB216763,Cn1cc(C2=C(c3ccc(Cl)cc3Cl)C(=O)NC2=O)c2ccccc21,0.0,0,0,0,WARNING,stage3_exploratory_supportive,3단계 약물,ADMET_WARNING,11,True,selected_top15_by_step7_protocol_rank
stad,4,1852,LY2109761,C1CC2=C(C(=NN2C1)C3=CC=CC=N3)C4=C5C=CC(=CC5=NC=C4)OCCN6CCOCC6,0,0,0,0,0,0,0,0.0,0.0,0,,,,True,False,,9.0,5.179750528835374,8.587570621468927,20.0,,False,,0,0.0,,0.0,unmatched,True,0.0,,0.0,unmatched,True,0,0,0,0,False,,gdsc,1,False,0.0,0.0,12,LY2109761,C1CC2=C(C(=NN2C1)C3=CC=CC=N3)C4=C5C=CC(=CC5=NC=C4)OCCN6CCOCC6,0.0,0,0,0,False,LY2109761,C1CC2=C(C(=NN2C1)C3=CC=CC=N3)C4=C5C=CC(=CC5=NC=C4)OCCN6CCOCC6,0.0,0,0,0,WARNING,stage3_exploratory_supportive,3단계 약물,ADMET_WARNING,12,True,selected_top15_by_step7_protocol_rank
stad,8,1449,AZD1208,NC1CCCN(c2c(/C=C3/SC(=O)NC3=O)cccc2-c2ccccc2)C1,0,0,0,0,0,0,0,0.0,0.0,0,,,,True,False,,14.0,5.032190646645942,14.375158107766254,19.0,23.0,False,False,0,0.0,,0.0,unmatched,True,0.0,,0.0,unmatched,True,0,0,0,0,False,,gdsc,1,False,0.0,0.0,13,AZD1208,NC1CCCN(c2c(/C=C3/SC(=O)NC3=O)cccc2-c2ccccc2)C1,0.0,0,0,0,False,AZD1208,NC1CCCN(c2c(/C=C3/SC(=O)NC3=O)cccc2-c2ccccc2)C1,0.0,0,0,0,WARNING,stage3_exploratory_supportive,3단계 약물,ADMET_WARNING,13,True,selected_top15_by_step7_protocol_rank
stad,10,1580,GSK2801,CCCOC1=CC2=C(C=C(N2C=C1)C(=O)C)C3=CC=CC=C3S(=O)(=O)C,0,0,0,0,0,0,0,0.0,0.0,0,CHEMBL6329,,,True,False,,18.0,4.943369499543638,27.45762711864407,18.0,,False,,0,0.0,,0.0,unmatched,True,0.0,,0.0,unmatched,True,0,0,0,0,False,,gdsc,1,False,0.0,0.0,14,GSK2801,CCCOC1=CC2=C(C=C(N2C=C1)C(=O)C)C3=CC=CC=C3S(=O)(=O)C,0.0,0,0,0,False,GSK2801,CCCOC1=CC2=C(C=C(N2C=C1)C(=O)C)C3=CC=CC=C3S(=O)(=O)C,0.0,0,0,0,WARNING,stage3_exploratory_supportive,3단계 약물,ADMET_WARNING,14,True,selected_top15_by_step7_protocol_rank
stad,12,1854,MN-64,CC(C)C1=CC=C(C=C1)C2=CC(=O)C3=CC=CC=C3O2,0,0,0,0,0,0,0,0.0,0.0,0,CHEMBL6329,,,True,False,,24.0,4.727536598214694,7.909604519774011,20.0,,False,,0,0.0,,0.0,unmatched,True,0.0,,0.0,unmatched,True,0,0,0,0,False,,gdsc,1,False,0.0,0.0,15,MN-64,CC(C)C1=CC=C(C=C1)C2=CC(=O)C3=CC=CC=C3O2,0.0,0,0,0,False,MN-64,CC(C)C1=CC=C(C=C1)C2=CC(=O)C3=CC=CC=C3O2,0.0,0,0,0,WARNING,stage3_exploratory_supportive,3단계 약물,ADMET_WARNING,15,True,selected_top15_by_step7_protocol_rank
stad,13,1913,AGI-5198,CC1=CC=CC=C1C(C(=O)NC2CCCCC2)N(C3=CC(=CC=C3)F)C(=O)CN4C=CN=C4C,0,0,0,0,0,0,0,0.0,0.0,0,CHEMBL6329,,,True,False,,30.0,4.560191499218042,15.81920903954802,24.0,,False,,0,0.0,,0.0,unmatched,True,0.0,,0.0,unmatched,True,0,0,0,0,False,,gdsc,1,False,0.0,0.0,16,AGI-5198,CC1=CC=CC=C1C(C(=O)NC2CCCCC2)N(C3=CC(=CC=C3)F)C(=O)CN4C=CN=C4C,0.0,0,0,0,False,AGI-5198,CC1=CC=CC=C1C(C(=O)NC2CCCCC2)N(C3=CC(=CC=C3)F)C(=O)CN4C=CN=C4C,0.0,0,0,0,WARNING,stage3_exploratory_supportive,3단계 약물,ADMET_WARNING,16,False,not_selected_stage3_warning_priority
stad,14,1069,EHT-1864,C1COCCN1CC2=CC(=O)C(=CO2)OCCCCCSC3=C4C=CC(=CC4=NC=C3)C(F)(F)F.Cl.Cl,0,0,0,0,0,0,0,0.0,0.0,0,CHEMBL6329,,,True,False,,,,,,,,,0,,,,,True,,,,,,0,0,0,0,False,,,0,False,0.0,0.0,17,EHT-1864,C1COCCN1CC2=CC(=O)C(=CO2)OCCCCCSC3=C4C=CC(=CC4=NC=C3)C(F)(F)F.Cl.Cl,0.0,0,0,0,False,EHT-1864,C1COCCN1CC2=CC(=O)C(=CO2)OCCCCCSC3=C4C=CC(=CC4=NC=C3)C(F)(F)F.Cl.Cl,0.0,0,0,0,WARNING,stage3_exploratory_supportive,3단계 약물,ADMET_WARNING,17,False,not_selected_stage3_warning_priority
stad,15,1718,JAK1_8709,UNK,0,0,0,0,0,0,0,0.0,0.0,0,CHEMBL6329,,,True,False,,,,,,,,,0,,,,,True,,,,,,0,0,0,0,False,,,0,False,0.0,0.0,18,JAK1_8709,UNK,0.0,0,0,0,False,JAK1_8709,UNK,0.0,0,0,0,WARNING,stage3_exploratory_supportive,3단계 약물,ADMET_WARNING,18,False,not_selected_stage3_warning_priority
stad,16,1997,WEHI-539,C1CC2=C(C=C(C=C2)C3=NC(=C(S3)CCCOC4=CC=C(C=C4)CN)C(=O)O)C(=NNC5=NC6=CC=CC=C6S5)C1,0,0,0,0,0,0,0,0.0,0.0,0,CHEMBL6329,,,True,False,,,,,,,,,0,,,,,True,,,,,,0,0,0,0,False,,,0,False,0.0,0.0,19,WEHI-539,C1CC2=C(C=C(C=C2)C3=NC(=C(S3)CCCOC4=CC=C(C=C4)CN)C(=O)O)C(=NNC5=NC6=CC=CC=C6S5)C1,0.0,0,0,0,False,WEHI-539,C1CC2=C(C=C(C=C2)C3=NC(=C(S3)CCCOC4=CC=C(C=C4)CN)C(=O)O)C(=NNC5=NC6=CC=CC=C6S5)C1,0.0,0,0,0,WARNING,stage3_exploratory_supportive,3단계 약물,ADMET_WARNING,19,False,not_selected_stage3_warning_priority
stad,17,1463,AZD1332,CC(C)OC1=NNC(=C1)NC2=NC(=NC=C2Cl)NC(C)C3=NC=C(C=C3)F,0,0,0,0,0,0,0,0.0,0.0,0,CHEMBL6329,,,True,False,,,,,,,,,0,,,,,True,,,,,,0,0,0,0,False,,,0,False,0.0,0.0,20,AZD1332,CC(C)OC1=NNC(=C1)NC2=NC(=NC=C2Cl)NC(C)C3=NC=C(C=C3)F,0.0,0,0,0,False,AZD1332,CC(C)OC1=NNC(=C1)NC2=NC(=NC=C2Cl)NC(C)C3=NC=C(C=C3)F,0.0,0,0,0,WARNING,stage3_exploratory_supportive,3단계 약물,ADMET_WARNING,20,False,not_selected_stage3_warning_priority
stad,18,1783,LMB_AB1,UNK,0,0,0,0,0,0,0,0.0,0.0,0,CHEMBL6329,,,True,False,,,,,,,,,0,,,,,True,,,,,,0,0,0,0,False,,,0,False,0.0,0.0,21,LMB_AB1,UNK,0.0,0,0,0,False,LMB_AB1,UNK,0.0,0,0,0,WARNING,stage3_exploratory_supportive,3단계 약물,ADMET_WARNING,21,False,not_selected_stage3_warning_priority
stad,20,1249,BMS-345541,Cc1ccc2nc(NCCN)c3ncc(C)n3c2c1,0,0,0,0,0,0,0,0.0,0.0,0,CHEMBL6329,,,True,False,,,,,,,,,0,,,,,True,,,,,,0,0,0,0,False,,,0,False,0.0,0.0,22,BMS-345541,Cc1ccc2nc(NCCN)c3ncc(C)n3c2c1,0.0,0,0,0,False,BMS-345541,Cc1ccc2nc(NCCN)c3ncc(C)n3c2c1,0.0,0,0,0,PASS,stage2_evidence_review,2단계 약물,ADMET_PASS_and_not_stage1,22,False,not_selected_rank_outside_top15_after_stage_order
stad,21,1855,KRAS (G12C) Inhibitor-12,UNK,0,0,0,0,0,0,0,0.0,0.0,0,CHEMBL6329,,,True,False,,,,,,,,,0,,,,,True,,,,,,0,0,0,0,False,,,0,False,0.0,0.0,23,KRAS (G12C) Inhibitor-12,UNK,0.0,0,0,0,False,KRAS (G12C) Inhibitor-12,UNK,0.0,0,0,0,WARNING,stage3_exploratory_supportive,3단계 약물,ADMET_WARNING,23,False,not_selected_stage3_warning_priority
stad,22,2112,VTP-A,UNK,0,0,0,0,0,0,0,0.0,0.0,0,CHEMBL6329,,,True,False,,,,,,,,,0,,,,,True,,,,,,0,0,0,0,False,,,0,False,0.0,0.0,24,VTP-A,UNK,0.0,0,0,0,False,VTP-A,UNK,0.0,0,0,0,WARNING,stage3_exploratory_supportive,3단계 약물,ADMET_WARNING,24,False,not_selected_stage3_warning_priority
stad,24,1833,741909,UNK,0,0,0,0,0,0,0,0.0,0.0,0,CHEMBL6329,,,True,False,,,,,,,,,0,,,,,True,,,,,,0,0,0,0,False,,,0,False,0.0,0.0,25,741909,UNK,0.0,0,0,0,False,741909,UNK,0.0,0,0,0,WARNING,stage3_exploratory_supportive,3단계 약물,ADMET_WARNING,25,False,not_selected_stage3_warning_priority
stad,26,1779,GSK626616AC,UNK,0,0,0,0,0,0,0,0.0,0.0,0,CHEMBL6329,,,True,False,,,,,,,,,0,,,,,True,,,,,,0,0,0,0,False,,,0,False,0.0,0.0,26,GSK626616AC,UNK,0.0,0,0,0,False,GSK626616AC,UNK,0.0,0,0,0,WARNING,stage3_exploratory_supportive,3단계 약물,ADMET_WARNING,26,False,not_selected_stage3_warning_priority
stad,27,1038,NU7441,C1COCCN1C2=CC(=O)C3=C(O2)C(=CC=C3)C4=CC=CC5=C4SC6=CC=CC=C56,0,0,0,0,0,0,0,0.0,0.0,0,CHEMBL6329,,,True,False,,,,,,,,,0,,,,,True,,,,,,0,0,0,0,False,,,0,False,0.0,0.0,27,NU7441,C1COCCN1C2=CC(=O)C3=C(O2)C(=CC=C3)C4=CC=CC5=C4SC6=CC=CC=C56,0.0,0,0,0,False,NU7441,C1COCCN1C2=CC(=O)C3=C(O2)C(=CC=C3)C4=CC=CC5=C4SC6=CC=CC=C56,0.0,0,0,0,PASS,stage2_evidence_review,2단계 약물,ADMET_PASS_and_not_stage1,27,False,not_selected_rank_outside_top15_after_stage_order
stad,28,1782,GSK2830371A,UNK,0,0,0,0,0,0,0,0.0,0.0,0,CHEMBL6329,,,True,False,,,,,,,,,0,,,,,True,,,,,,0,0,0,0,False,,,0,False,0.0,0.0,28,GSK2830371A,UNK,0.0,0,0,0,False,GSK2830371A,UNK,0.0,0,0,0,WARNING,stage3_exploratory_supportive,3단계 약물,ADMET_WARNING,28,False,not_selected_stage3_warning_priority
stad,29,1824,123138,UNK,0,0,0,0,0,0,0,0.0,0.0,0,CHEMBL6329,,,True,False,,,,,,,,,0,,,,,True,,,,,,0,0,0,0,False,,,0,False,0.0,0.0,29,123138,UNK,0.0,0,0,0,False,123138,UNK,0.0,0,0,0,WARNING,stage3_exploratory_supportive,3단계 약물,ADMET_WARNING,29,False,not_selected_stage3_warning_priority
stad,30,1776,GSK2256098C,UNK,0,0,0,0,0,0,0,0.0,0.0,0,CHEMBL6329,,,True,False,,,,,,,,,0,,,,,True,,,,,,0,0,0,0,False,,,0,False,0.0,0.0,30,GSK2256098C,UNK,0.0,0,0,0,False,GSK2256098C,UNK,0.0,0,0,0,WARNING,stage3_exploratory_supportive,3단계 약물,ADMET_WARNING,30,False,not_selected_stage3_warning_priority
