cancer,rank,canonical_drug_id,drug_name,canonical_smiles,score_clinical_trial,score_approved_ind,score_ext_response,score_disease_relevance,score_literature_moa,score_cancer_plausibility,target_moa_recovery_bonus,caveat_penalty,ev_composite_0_10,n_clinicaltrials_studies_total,chembl_molecule_chembl_id,target_recovered,moa_recovered,ev_ready,graph_luad_caveat,mandatory_caveat,rank_step5,drug_level_score,integrated_mean_of_three,G2_n_cells,G1_n_cells,flag_conflict_LN_divergent,flag_conflict_AUC_divergent,gdsc_response_score,prism_n_values,sensitivity_percentile_within_cancer_x,prism_response_evidence_score,prism_match_type,prism_manual_review_mapping_flag,ctrp_n_values,sensitivity_percentile_within_cancer_y,ctrp_response_evidence_score,ctrp_match_type,manual_review,prism_response_score,ctrp_response_score_if_available,combined_external_response_score,score_ext_response_old,ctrp_partial_evidence_flag,ctrp_partial_evidence_note,external_response_sources_available,external_response_source_count,response_conflict_caveat,ev_composite_0_10_old,ev_delta_from_multiresponse,ev_selected_rank
brca,2,1375,Temozolomide,Cn1nnc2c(C(N)=O)ncn2c1=O,2,2,0,0,1,2,1,0.0,8.0,21,CHEMBL810,CHEMBL2311221,DNA inhibitor (target CHEMBL2311221),True,False,,5.0,6.8882608780791,7.68732608145712,50.0,46.0,False,False,0,176.0,45.0,0.0,broad_id_partial_recovery_manual_review,True,0.0,,0.0,unmatched,True,0,0,0,0,False,,gdsc|prism,2,False,8.0,0.0,1
brca,4,1089,Oxaliplatin,[H][N]1([H])[C@@H]2CCCC[C@H]2[N]([H])([H])[Pt]11OC(=O)C(=O)O1,2,2,0,0,1,2,1,0.0,8.0,49,CHEMBL414804,CHEMBL2311221,DNA inhibitor (target CHEMBL2311221),True,False,,7.0,5.577161344702366,18.64406779661017,50.0,,False,,0,0.0,,0.0,unmatched,True,0.0,,0.0,unmatched,True,0,0,0,0,False,,gdsc,1,False,8.0,0.0,2
brca,7,1806,Oxaliplatin,[H][N]1([H])[C@@H]2CCCC[C@H]2[N]([H])([H])[Pt]11OC(=O)C(=O)O1,2,2,0,0,1,2,1,0.0,8.0,49,CHEMBL414804,CHEMBL2311221,DNA inhibitor (target CHEMBL2311221),True,False,,12.0,5.268382980399586,14.350282485875704,41.0,,False,,0,0.0,,0.0,unmatched,True,0.0,,0.0,unmatched,True,0,0,0,0,False,,gdsc,1,False,8.0,0.0,3
brca,6,1507,Ruxolitinib,N#CC[C@H](C1CCCC1)n1cc(-c2ncnc3[nH]ccc23)cn1,2,2,2,0,0,1,0,0.0,7.0,12,CHEMBL1789941,,,True,False,,11.0,5.317588207291356,15.932203389830509,45.0,,False,,0,496.0,70.0,2.0,broad_id_partial_recovery_manual_review,True,0.0,,0.0,unmatched,True,2,0,2,0,False,,gdsc|prism,2,False,5.0,2.0,4
brca,5,1847,BEN,C1=CC=C(C=C1)C(=N)N,0,2,3,0,0,1,0,0.0,6.0,0,CHEMBL420,,,True,False,,9.0,5.52592408768257,13.672316384180789,41.0,,False,,0,168.0,85.0,3.0,broad_id_partial_recovery_manual_review,True,0.0,,0.0,unmatched,True,3,0,3,0,False,,gdsc|prism,2,False,3.0,3.0,5
brca,10,1373,Dabrafenib,CC(C)(C)c1nc(-c2cccc(NS(=O)(=O)c3c(F)cccc3F)c2F)c(-c2ccnc(N)n2)s1,1,2,0,0,0,1,0,0.0,4.0,2,CHEMBL2028663,,,True,False,,21.0,5.0027772280372265,13.676279618854878,50.0,46.0,False,False,0,120.0,30.0,0.0,broad_id_partial_recovery_manual_review,True,0.0,,0.0,unmatched,True,0,0,0,0,False,,gdsc|prism,2,False,4.0,0.0,6
brca,8,1073,5-Fluorouracil,FC1=CNC(=O)NC1=O,2,0,1,0,0,0,0,0.0,3.0,190,,,,True,False,,14.0,5.1948658760674435,25.31073446327683,51.0,,False,,0,176.0,65.0,1.0,broad_id_partial_recovery_manual_review,True,0.0,,0.0,unmatched,True,1,0,1,0,False,,gdsc|prism,2,False,2.0,1.0,7
brca,15,1177,Niraparib,NC(=O)c1cccc2cn(-c3ccc([C@@H]4CCCNC4)cc3)nc12,2,0,0,0,0,0,0,0.0,2.0,29,CHEMBL6329,,,True,False,,29.0,4.826517678969729,16.15819209039548,45.0,,False,,0,0.0,,0.0,unmatched,True,0.0,,0.0,unmatched,True,0,0,0,0,False,,gdsc,1,False,2.0,0.0,8
brca,25,1736,Selumetinib,Cn1cnc2c(F)c(Nc3ccc(Br)cc3Cl)c(C(=O)NOCCO)cc21,2,0,0,0,0,0,0,0.0,2.0,12,CHEMBL6329,,,True,False,,,,,,,,,0,,,,,True,,,,,,0,0,0,0,False,,,0,False,2.0,0.0,9
brca,1,2438,ascorbate (vitamin C),C(C(C1C(=C(C(=O)O1)[O-])O)O)O,1,0,0,0,0,0,0,0.0,1.0,1,,,,True,False,,1.0,9.954418318753856,18.870056497175145,43.0,,False,,0,168.0,10.0,0.0,broad_id_partial_recovery_manual_review,True,0.0,,0.0,unmatched,True,0,0,0,0,False,,gdsc|prism,2,False,1.0,0.0,10
brca,11,1629,ML323,CC1=CN=C(N=C1NCC2=CC=C(C=C2)N3C=CN=N3)C4=CC=CC=C4C(C)C,0,0,1,0,0,0,0,0.0,1.0,0,,,,True,False,,22.0,4.9590344846802275,56.610169491525426,45.0,,False,,1,248.0,25.0,0.0,broad_id_partial_recovery_manual_review,True,0.0,,0.0,unmatched,True,0,0,1,0,False,,gdsc|prism,2,False,0.0,1.0,11
brca,24,1925,GDC0810,CCC(=C(C1=CC=C(C=C1)C=CC(=O)O)C2=CC3=C(C=C2)NN=C3)C4=C(C=C(C=C4)F)Cl,1,0,0,0,0,0,0,0.0,1.0,4,CHEMBL6329,,,True,False,,,,,,,,,0,,,,,True,,,,,,0,0,0,0,False,,,0,False,1.0,0.0,12
brca,3,1615,CZC24832,CC(C)(C)NS(=O)(=O)C1=CN=CC(=C1)C2=CN3C(=NC(=N3)N)C(=C2)F,0,0,0,0,0,0,0,0.0,0.0,0,,,,True,False,,6.0,5.6441292000986065,28.24858757062147,45.0,,False,,0,0.0,,0.0,unmatched,True,0.0,,0.0,unmatched,True,0,0,0,0,False,,gdsc,1,False,0.0,0.0,13
brca,9,2360,THR-101,CC1=CC=CC=C1N2C(=O)C3=C(S2)C=C(C=C3)F,0,0,0,0,0,0,0,0.0,0.0,0,,,,True,False,,16.0,5.044570273561187,32.881355932203384,44.0,,False,,0,344.0,40.0,0.0,broad_id_partial_recovery_manual_review,True,0.0,,0.0,unmatched,True,0,0,0,0,False,,gdsc|prism,2,False,0.0,0.0,14
brca,12,1237,EPZ004777,CC(C)N(CCCNC(=O)NC1=CC=C(C=C1)C(C)(C)C)CC2C(C(C(O2)N3C=CC4=C(N=CN=C43)N)O)O,0,0,0,0,0,0,0,0.0,0.0,0,,,,True,False,,23.0,4.924561685558328,30.395480225988695,50.0,,False,,0,0.0,,0.0,unmatched,True,0.0,,0.0,unmatched,True,0,0,0,0,False,,gdsc,1,False,0.0,0.0,15
crc,5,1813,Fludarabine,Nc1nc(F)nc2c1ncn2[C@@H]1O[C@H](CO)[C@@H](O)[C@@H]1O,2,2,0,0,2,2,1,0.0,9.0,53,CHEMBL1096882,"CHEMBL2095215, CHEMBL2363042",Ribonucleoside-diphosphate reductase RR1 inhibitor (target CHEMBL2095215); DNA polymerase (alpha/delta/epsilon) inhibitor (target CHEMBL2363042),True,False,,11.0,5.480882863926768,21.01694915254237,45.0,,False,,0,0.0,,0.0,unmatched,True,0.0,,0.0,unmatched,True,0,0,0,0,False,,gdsc,1,False,9.0,0.0,1
crc,3,1512,Cyclophosphamide,O.O=P1(N(CCCl)CCCl)NCCCO1,2,2,0,0,1,2,1,0.0,8.0,85,CHEMBL1200796,CHEMBL2311221,DNA inhibitor (target CHEMBL2311221),True,False,,9.0,5.55198872178371,13.107344632768362,44.0,,False,,0,224.0,10.526315789473692,0.0,broad_id_partial_recovery_manual_review,True,0.0,,0.0,unmatched,True,0,0,0,0,False,,gdsc|prism,2,False,8.0,0.0,2
crc,6,1020,Lenalidomide,Nc1cccc2c1CN(C1CCC(=O)NC1=O)C2=O,2,2,0,0,1,2,1,0.0,8.0,7,CHEMBL848,CHEMBL3833061,CRL4(CRBN) E3 ubiquitin ligase inhibitor (target CHEMBL3833061),True,False,,12.0,5.467791195521722,13.987604351125723,45.0,44.0,False,False,0,0.0,,0.0,unmatched,True,0.0,,0.0,unmatched,True,0,0,0,0,False,,gdsc,1,False,8.0,0.0,3
crc,7,2043,BIBR-1532,CC(=CC(=O)NC1=CC=CC=C1C(=O)O)C2=CC3=CC=CC=C3C=C2,0,0,3,0,0,0,0,0.0,3.0,0,,,,True,False,,23.0,5.168885126330407,19.09604519774011,41.0,,False,,0,230.0,94.73684210526316,3.0,broad_id_partial_recovery_manual_review,True,0.0,,0.0,unmatched,True,3,0,3,0,False,,gdsc|prism,2,False,0.0,3.0,4
crc,26,1005,Cisplatin,[H][N]([H])([H])[Pt](Cl)(Cl)[N]([H])([H])[H],2,0,0,0,0,0,0,0.0,2.0,80,CHEMBL6329,,,True,False,,,,,,,,,0,,,,,True,,,,,,0,0,0,0,False,,,0,False,2.0,0.0,5
crc,1,2498,alpha-lipoic acid,OC(=O)CCCC[C@@H]1CCSS1,1,0,0,0,0,0,0,0.0,1.0,2,,,,True,False,,4.0,7.610182965002853,15.819209039548022,42.0,,False,,0,188.0,42.10526315789474,0.0,broad_id_partial_recovery_manual_review,True,0.0,,0.0,unmatched,True,0,0,0,0,False,,gdsc|prism,2,False,1.0,0.0,6
crc,2,1931,MIRA-1,CCC(=O)OCN1C(=O)C=CC1=O,0,0,1,0,0,0,0,0.0,1.0,0,,,,True,False,,6.0,5.899061043513992,10.3954802259887,45.0,,False,,0,224.0,57.89473684210527,1.0,broad_id_partial_recovery_manual_review,True,27.0,100.0,3.0,canonical_smiles_exact,False,1,3,1,0,True,CTRP partial signal score=3; match_type=canonical_smiles_exact,gdsc|prism|ctrp_partial,3,False,0.0,1.0,7
crc,9,1557,LCL161,CN[C@@H](C)C(=O)N[C@H](C(=O)N1CCC[C@H]1c1nc(C(=O)c2ccc(F)cc2)cs1)C1CCCCC1,1,0,0,0,0,0,0,0.0,1.0,1,,,,True,False,,27.0,5.0842868829282795,12.655367231638415,46.0,,False,,0,0.0,,0.0,unmatched,True,0.0,,0.0,unmatched,True,0,0,0,0,False,,gdsc,1,False,1.0,0.0,8
crc,13,1017,Olaparib,O=C(c1cc(Cc2n[nH]c(=O)c3ccccc23)ccc1F)N1CCN(C(=O)C2CC2)CC1,1,0,0,0,0,0,0,0.0,1.0,8,CHEMBL6329,,,True,False,,,,,,,,,0,,,,,True,,,,,,0,0,0,0,False,,,0,False,1.0,0.0,9
crc,16,1799,Ibrutinib,C=CC(=O)N1CCC[C@@H](n2nc(-c3ccc(Oc4ccccc4)cc3)c3c(N)ncnc32)C1,1,0,0,0,0,0,0,0.0,1.0,2,CHEMBL6329,,,True,False,,,,,,,,,0,,,,,True,,,,,,0,0,0,0,False,,,0,False,1.0,0.0,10
crc,18,1802,Zoledronate,OC(CN1C=CN=C1)(P(O)(O)=O)P(O)(O)=O,1,0,0,0,0,0,0,0.0,1.0,1,CHEMBL6329,,,True,False,,,,,,,,,0,,,,,True,,,,,,0,0,0,0,False,,,0,False,1.0,0.0,11
crc,19,1598,LGK974,CC1=CC(=CN=C1C2=CC(=NC=C2)C)CC(=O)NC3=NC=C(C=C3)C4=NC=CN=C4,1,0,0,0,0,0,0,0.0,1.0,2,CHEMBL6329,,,True,False,,,,,,,,,0,,,,,True,,,,,,0,0,0,0,False,,,0,False,1.0,0.0,12
crc,23,1175,Rucaparib,CNCc1ccc(-c2[nH]c3cc(F)cc4c3c2CCNC4=O)cc1,1,0,0,0,0,0,0,0.0,1.0,3,CHEMBL6329,,,True,False,,,,,,,,,0,,,,,True,,,,,,0,0,0,0,False,,,0,False,1.0,0.0,13
crc,4,2359,GSK2830371,CC1=C(C=C(C=N1)Cl)NCC2=CC=C(S2)C(=O)NC(CC3CCCC3)C(=O)NC4CC4,0,0,0,0,0,0,0,0.0,0.0,0,,,,True,False,,10.0,5.4857290409703925,17.51412429378531,42.0,,False,,0,224.0,36.8421052631579,0.0,broad_id_partial_recovery_manual_review,True,0.0,,0.0,unmatched,True,0,0,0,0,False,,gdsc|prism,2,False,0.0,0.0,14
crc,8,1131,PRIMA-1MET,COCC1(CO)N2CCC(CC2)C1=O,0,0,0,0,0,0,0,0.0,0.0,0,,,,True,False,,24.0,5.151820475210946,25.53672316384181,46.0,,False,,0,0.0,,0.0,unmatched,True,0.0,,0.0,unmatched,True,0,0,0,0,False,,gdsc,1,False,0.0,0.0,15
luad,6,1578,Leflunomide,Cc1oncc1C(=O)Nc1ccc(C(F)(F)F)cc1,1,2,1,0,1,2,1,0.5,7.0,1,CHEMBL960,CHEMBL1966,Dihydroorotate dehydrogenase inhibitor (target CHEMBL1966),True,True,Graph component is partial for LUAD due to missing LUAD 2-model graph evaluations.,15.0,4.9488010106463864,54.124293785310726,55.0,,False,,1,0.0,,0.0,unmatched,True,0.0,,0.0,unmatched,True,0,0,1,0,False,,gdsc,1,False,6.0,1.0,1
luad,3,1018,Veliparib,C[C@]1(c2nc3c(C(N)=O)cccc3[nH]2)CCCN1,2,1,0,0,1,2,1,0.5,6.0,15,CHEMBL506871,CHEMBL3390820,"PARP 1, 2 and 3 inhibitor (target CHEMBL3390820)",True,True,Graph component is partial for LUAD due to missing LUAD 2-model graph evaluations.,9.0,5.0746322509515345,18.922084492790287,61.0,61.0,False,False,0,1024.0,47.368421052631575,0.0,broad_id_partial_recovery_manual_review,True,0.0,,0.0,unmatched,True,0,0,0,0,False,,gdsc|prism,2,False,6.0,0.0,2
luad,2,1814,Nelarabine,COc1nc(N)nc2c1ncn2[C@@H]1O[C@H](CO)[C@@H](O)[C@@H]1O,0,2,0,0,1,2,1,0.5,5.0,0,CHEMBL1201112,CHEMBL2311221,DNA inhibitor (target CHEMBL2311221),True,True,Graph component is partial for LUAD due to missing LUAD 2-model graph evaluations.,6.0,5.79743081228656,9.830508474576272,47.0,,False,,0,0.0,,0.0,unmatched,True,0.0,,0.0,unmatched,True,0,0,0,0,False,,gdsc,1,False,5.0,0.0,3
luad,1,2499,N-acetyl cysteine,CC(=O)N[C@@H](CS)C(O)=O,2,0,3,0,0,0,0,0.5,4.0,6,,,,True,True,Graph component is partial for LUAD due to missing LUAD 2-model graph evaluations.,2.0,9.3845582065434,30.62146892655367,51.0,,False,,0,928.0,100.0,3.0,broad_id_partial_recovery_manual_review,True,0.0,,0.0,unmatched,True,3,0,3,0,False,,gdsc|prism,2,False,1.0,3.0,4
luad,8,1067,CCT007093,C1CC(=CC2=CC=CS2)C(=O)C1=CC3=CC=CS3,0,0,3,0,0,0,0,0.5,2.0,0,CHEMBL6329,,,True,True,Graph component is partial for LUAD due to missing LUAD 2-model graph evaluations.,18.0,4.871366765292896,24.8274728054642,61.0,60.0,False,False,0,556.0,89.47368421052633,3.0,broad_id_partial_recovery_manual_review,True,0.0,,0.0,unmatched,True,3,0,3,0,False,,gdsc|prism,2,False,-1.0,3.0,5
luad,7,1043,JNK Inhibitor VIII,CCOC1=C(C(=CC(=N1)NC(=O)CC2=C(C=CC(=C2)OC)OC)N)C#N,0,0,2,0,0,0,0,0.5,1.0,0,CHEMBL6329,,,True,True,Graph component is partial for LUAD due to missing LUAD 2-model graph evaluations.,16.0,4.947578159964503,25.395733198414703,62.0,61.0,False,False,0,2037.0,78.94736842105263,2.0,broad_id_partial_recovery_manual_review,True,0.0,,0.0,unmatched,True,2,0,2,0,False,,gdsc|prism,2,False,-1.0,2.0,6
luad,15,1853,OF-1,CC1=C(C=CC(=C1)Br)S(=O)(=O)NC2=CC3=C(C=C2OC)N(C(=O)N3C)C,2,0,0,0,0,0,0,0.5,1.0,120,CHEMBL6329,,,True,True,Graph component is partial for LUAD due to missing LUAD 2-model graph evaluations.,,,,,,,,0,,,,,True,,,,,,0,0,0,0,False,,,0,False,1.0,0.0,7
luad,22,1816,Fulvestrant,C[C@]12CC[C@@H]3c4ccc(O)cc4C[C@@H](CCCCCCCCC[S+]([O-])CCCC(F)(F)C(F)(F)F)[C@H]3[C@@H]1CC[C@@H]2O,2,0,0,0,0,0,0,0.5,1.0,24,CHEMBL6329,,,True,True,Graph component is partial for LUAD due to missing LUAD 2-model graph evaluations.,,,,,,,,0,,,,,True,,,,,,0,0,0,0,False,,,0,False,1.0,0.0,8
luad,25,1200,Fulvestrant,C[C@]12CC[C@@H]3c4ccc(O)cc4C[C@@H](CCCCCCCCC[S+]([O-])CCCC(F)(F)C(F)(F)F)[C@H]3[C@@H]1CC[C@@H]2O,2,0,0,0,0,0,0,0.5,1.0,24,CHEMBL6329,,,True,True,Graph component is partial for LUAD due to missing LUAD 2-model graph evaluations.,,,,,,,,0,,,,,True,,,,,,0,0,0,0,False,,,0,False,1.0,0.0,9
luad,5,1620,PFI3,C1C2CN(C1CN2C3=CC=CC=N3)C=CC(=O)C4=CC=CC=C4O,0,0,1,0,0,0,0,0.5,0.0,0,,,,True,True,Graph component is partial for LUAD due to missing LUAD 2-model graph evaluations.,11.0,5.047005034905466,6.8926553672316375,55.0,,False,,0,1000.0,63.15789473684211,1.0,broad_id_partial_recovery_manual_review,True,0.0,,0.0,unmatched,True,1,0,1,0,False,,gdsc|prism,2,False,-1.0,1.0,10
luad,9,2057,Remodelin,C1CCC(=NNC2=NC(=CS2)C3=CC=C(C=C3)C#N)C1,0,0,1,0,0,0,0,0.5,0.0,0,,,,True,True,Graph component is partial for LUAD due to missing LUAD 2-model graph evaluations.,19.0,4.861437406146044,54.01129943502824,27.0,,False,,1,0.0,,0.0,unmatched,True,0.0,,0.0,unmatched,True,0,0,1,0,False,,gdsc,1,False,-1.0,1.0,11
luad,11,2107,LJI308,C1COCCN1C2=CC=C(C=C2)C3=C(C=NC=C3)C4=CC(=C(C(=C4)F)O)F,0,0,1,0,0,0,0,0.5,0.0,0,,,,True,True,Graph component is partial for LUAD due to missing LUAD 2-model graph evaluations.,28.0,4.666767687659287,35.48022598870056,62.0,,False,,0,1032.0,57.89473684210527,1.0,broad_id_partial_recovery_manual_review,True,0.0,,0.0,unmatched,True,1,0,1,0,False,,gdsc|prism,2,False,-1.0,1.0,12
luad,14,1199,Tamoxifen,CC/C(=C(\c1ccccc1)c1ccc(OCCN(C)C)cc1)c1ccccc1,1,0,0,0,0,0,0,0.5,0.0,4,CHEMBL6329,,,True,True,Graph component is partial for LUAD due to missing LUAD 2-model graph evaluations.,,,,,,,,0,,,,,True,,,,,,0,0,0,0,False,,,0,False,0.0,0.0,13
luad,16,1510,Linsitinib,C[C@]1(O)C[C@@H](c2nc(-c3ccc4ccc(-c5ccccc5)nc4c3)c3c(N)nccn32)C1,1,0,0,0,0,0,0,0.5,0.0,6,CHEMBL6329,,,True,True,Graph component is partial for LUAD due to missing LUAD 2-model graph evaluations.,,,,,,,,0,,,,,True,,,,,,0,0,0,0,False,,,0,False,0.0,0.0,14
luad,29,2113,VTP-B,UNK,1,0,0,0,0,0,0,0.5,0.0,1,CHEMBL6329,,,True,True,Graph component is partial for LUAD due to missing LUAD 2-model graph evaluations.,,,,,,,,0,,,,,True,,,,,,0,0,0,0,False,,,0,False,0.0,0.0,15
stad,2,1815,Dacarbazine,CN(C)/N=N/c1[nH]cnc1C(N)=O,2,2,0,0,1,2,1,0.0,8.0,9,CHEMBL476,CHEMBL2311221,DNA inhibitor (target CHEMBL2311221),True,False,,6.0,5.829550626987805,23.72881355932203,18.0,,False,,0,61.0,33.33333333333334,0.0,broad_id_partial_recovery_manual_review,True,0.0,,0.0,unmatched,True,0,0,0,0,False,,gdsc|prism,2,False,8.0,0.0,1
stad,6,1029,Motesanib,CC1(C)CNc2cc(NC(=O)c3cccnc3NCc3ccncc3)ccc21,0,1,2,0,2,2,1,0.0,8.0,0,CHEMBL572881,"CHEMBL1936, CHEMBL2041, CHEMBL2095227, CHEMBL2095189",Stem cell growth factor receptor inhibitor (target CHEMBL1936); Tyrosine-protein kinase receptor RET inhibitor (target CHEMBL2041); Vascular endothelial growth factor receptor inhibitor (target CHEMBL2095227); Platelet-derived growth factor receptor inhibitor (target CHEMBL2095189),True,False,,11.0,5.13106261246587,27.671810439328777,23.0,24.0,True,False,0,24.0,72.22222222222223,2.0,broad_id_partial_recovery_manual_review,True,0.0,,0.0,unmatched,True,2,0,2,0,False,,gdsc|prism,2,True,6.0,2.0,2
stad,7,1009,Tretinoin,CC1=C(/C=C/C(C)=C/C=C/C(C)=C/C(=O)O)C(C)(C)CCC1,0,2,0,0,1,2,1,0.0,6.0,0,CHEMBL705,CHEMBL2363071,Retinoid receptor agonist (target CHEMBL2363071),True,False,,12.0,5.0625006341471845,9.49818703094696,2.0,24.0,False,False,0,49.0,38.8888888888889,0.0,broad_id_partial_recovery_manual_review,True,0.0,,0.0,unmatched,True,0,0,0,0,False,,gdsc|prism,2,False,6.0,0.0,3
stad,5,1042,Doramapimod,Cc1ccc(-n2nc(C(C)(C)C)cc2NC(=O)Nc2ccc(OCCN3CCOCC3)c3ccccc23)cc1,0,1,0,0,1,2,1,0.0,5.0,0,CHEMBL103667,CHEMBL260,MAP kinase p38 alpha inhibitor (target CHEMBL260),True,False,,10.0,5.165814099877274,9.596508980521124,24.0,24.0,False,False,0,109.0,44.44444444444444,0.0,broad_id_partial_recovery_manual_review,True,0.0,,0.0,unmatched,True,0,0,0,0,False,,gdsc|prism,2,False,5.0,0.0,4
stad,1,2439,glutathione,N[C@@H](CCC(=O)N[C@@H](CS)C(=O)NCC(=O)O)C(=O)O,0,0,3,0,0,0,0,0.0,3.0,0,CHEMBL145213,,,True,False,,2.0,8.328967972449352,26.214689265536723,22.0,,False,,0,34.0,88.8888888888889,3.0,broad_id_partial_recovery_manual_review,True,0.0,,0.0,unmatched,True,3,0,3,0,False,,gdsc|prism,2,False,0.0,3.0,5
stad,11,1030,KU-55933,O=c1cc(-c2cccc3c2Sc2ccccc2S3)oc(N2CCOCC2)c1,0,0,3,0,0,0,0,0.0,3.0,0,CHEMBL6329,,,True,False,,21.0,4.835127199052677,36.68901256429716,24.0,24.0,False,False,0,24.0,94.44444444444444,3.0,broad_id_partial_recovery_manual_review,True,0.0,,0.0,unmatched,True,3,0,3,0,False,,gdsc|prism,2,False,0.0,3.0,6
stad,9,1033,Vismodegib,CS(=O)(=O)c1ccc(C(=O)Nc2ccc(Cl)c(-c3ccccn3)c2)c(Cl)c1,1,0,0,0,0,0,0,0.0,1.0,3,CHEMBL6329,,,True,False,,16.0,4.986135134075577,29.73437895269416,23.0,24.0,False,False,0,48.0,22.222222222222214,0.0,broad_id_partial_recovery_manual_review,True,0.0,,0.0,unmatched,True,0,0,0,0,False,,gdsc|prism,2,False,1.0,0.0,7
stad,19,1549,Sapitinib,CNC(=O)CN1CCC(Oc2cc3c(Nc4cccc(Cl)c4F)ncnc3cc2OC)CC1,1,0,0,0,0,0,0,0.0,1.0,1,CHEMBL6329,,,True,False,,,,,,,,,0,,,,,True,,,,,,0,0,0,0,False,,,0,False,1.0,0.0,8
stad,23,1013,Nilotinib,Cc1cn(-c2cc(NC(=O)c3ccc(C)c(Nc4nccc(-c5cccnc5)n4)c3)cc(C(F)(F)F)c2)cn1,1,0,0,0,0,0,0,0.0,1.0,1,CHEMBL6329,,,True,False,,,,,,,,,0,,,,,True,,,,,,0,0,0,0,False,,,0,False,1.0,0.0,9
stad,25,1918,AZD8186,C[C@@H](Nc1cc(F)cc(F)c1)c1cc(C(=O)N(C)C)cc2c(=O)cc(N3CCOCC3)oc12,1,0,0,0,0,0,0,0.0,1.0,1,CHEMBL6329,,,True,False,,,,,,,,,0,,,,,True,,,,,,0,0,0,0,False,,,0,False,1.0,0.0,10
stad,3,1025,SB216763,Cn1cc(C2=C(c3ccc(Cl)cc3Cl)C(=O)NC2=O)c2ccccc21,0,0,0,0,0,0,0,0.0,0.0,0,,,,True,False,,8.0,5.223351596342501,16.082974955729824,24.0,21.0,False,False,0,24.0,11.111111111111112,0.0,broad_id_partial_recovery_manual_review,True,0.0,,0.0,unmatched,True,0,0,0,0,False,,gdsc|prism,2,False,0.0,0.0,11
stad,4,1852,LY2109761,C1CC2=C(C(=NN2C1)C3=CC=CC=N3)C4=C5C=CC(=CC5=NC=C4)OCCN6CCOCC6,0,0,0,0,0,0,0,0.0,0.0,0,,,,True,False,,9.0,5.179750528835374,8.587570621468927,20.0,,False,,0,0.0,,0.0,unmatched,True,0.0,,0.0,unmatched,True,0,0,0,0,False,,gdsc,1,False,0.0,0.0,12
stad,8,1449,AZD1208,NC1CCCN(c2c(/C=C3/SC(=O)NC3=O)cccc2-c2ccccc2)C1,0,0,0,0,0,0,0,0.0,0.0,0,,,,True,False,,14.0,5.032190646645942,14.375158107766254,19.0,23.0,False,False,0,0.0,,0.0,unmatched,True,0.0,,0.0,unmatched,True,0,0,0,0,False,,gdsc,1,False,0.0,0.0,13
stad,10,1580,GSK2801,CCCOC1=CC2=C(C=C(N2C=C1)C(=O)C)C3=CC=CC=C3S(=O)(=O)C,0,0,0,0,0,0,0,0.0,0.0,0,CHEMBL6329,,,True,False,,18.0,4.943369499543638,27.45762711864407,18.0,,False,,0,0.0,,0.0,unmatched,True,0.0,,0.0,unmatched,True,0,0,0,0,False,,gdsc,1,False,0.0,0.0,14
stad,12,1854,MN-64,CC(C)C1=CC=C(C=C1)C2=CC(=O)C3=CC=CC=C3O2,0,0,0,0,0,0,0,0.0,0.0,0,CHEMBL6329,,,True,False,,24.0,4.727536598214694,7.909604519774011,20.0,,False,,0,0.0,,0.0,unmatched,True,0.0,,0.0,unmatched,True,0,0,0,0,False,,gdsc,1,False,0.0,0.0,15
