feature,source
drug_has_valid_smiles,drug_chem_features.parquet
drug_morgan_0000,drug_chem_features.parquet
drug_morgan_0001,drug_chem_features.parquet
drug_morgan_0002,drug_chem_features.parquet
drug_morgan_0003,drug_chem_features.parquet
drug_morgan_0004,drug_chem_features.parquet
drug_morgan_0005,drug_chem_features.parquet
drug_morgan_0006,drug_chem_features.parquet
drug_morgan_0007,drug_chem_features.parquet
drug_morgan_0008,drug_chem_features.parquet
drug_morgan_0009,drug_chem_features.parquet
drug_morgan_0010,drug_chem_features.parquet
drug_morgan_0011,drug_chem_features.parquet
drug_morgan_0012,drug_chem_features.parquet
drug_morgan_0013,drug_chem_features.parquet
drug_morgan_0014,drug_chem_features.parquet
drug_morgan_0015,drug_chem_features.parquet
drug_morgan_0016,drug_chem_features.parquet
drug_morgan_0017,drug_chem_features.parquet
drug_morgan_0018,drug_chem_features.parquet
drug_morgan_0019,drug_chem_features.parquet
drug_morgan_0020,drug_chem_features.parquet
drug_morgan_0021,drug_chem_features.parquet
drug_morgan_0022,drug_chem_features.parquet
drug_morgan_0023,drug_chem_features.parquet
drug_morgan_0024,drug_chem_features.parquet
drug_morgan_0025,drug_chem_features.parquet
drug_morgan_0026,drug_chem_features.parquet
drug_morgan_0027,drug_chem_features.parquet
drug_morgan_0028,drug_chem_features.parquet
drug_morgan_0029,drug_chem_features.parquet
drug_morgan_0030,drug_chem_features.parquet
drug_morgan_0031,drug_chem_features.parquet
drug_morgan_0032,drug_chem_features.parquet
drug_morgan_0033,drug_chem_features.parquet
drug_morgan_0034,drug_chem_features.parquet
drug_morgan_0035,drug_chem_features.parquet
drug_morgan_0036,drug_chem_features.parquet
drug_morgan_0037,drug_chem_features.parquet
drug_morgan_0038,drug_chem_features.parquet
drug_morgan_0039,drug_chem_features.parquet
drug_morgan_0040,drug_chem_features.parquet
drug_morgan_0041,drug_chem_features.parquet
drug_morgan_0042,drug_chem_features.parquet
drug_morgan_0043,drug_chem_features.parquet
drug_morgan_0044,drug_chem_features.parquet
drug_morgan_0045,drug_chem_features.parquet
drug_morgan_0046,drug_chem_features.parquet
drug_morgan_0047,drug_chem_features.parquet
drug_morgan_0048,drug_chem_features.parquet
drug_morgan_0049,drug_chem_features.parquet
drug_morgan_0050,drug_chem_features.parquet
drug_morgan_0051,drug_chem_features.parquet
drug_morgan_0052,drug_chem_features.parquet
drug_morgan_0053,drug_chem_features.parquet
drug_morgan_0054,drug_chem_features.parquet
drug_morgan_0055,drug_chem_features.parquet
drug_morgan_0056,drug_chem_features.parquet
drug_morgan_0057,drug_chem_features.parquet
drug_morgan_0058,drug_chem_features.parquet
drug_morgan_0059,drug_chem_features.parquet
drug_morgan_0060,drug_chem_features.parquet
drug_morgan_0061,drug_chem_features.parquet
drug_morgan_0062,drug_chem_features.parquet
drug_morgan_0063,drug_chem_features.parquet
drug_morgan_0064,drug_chem_features.parquet
drug_morgan_0065,drug_chem_features.parquet
drug_morgan_0066,drug_chem_features.parquet
drug_morgan_0067,drug_chem_features.parquet
drug_morgan_0068,drug_chem_features.parquet
drug_morgan_0069,drug_chem_features.parquet
drug_morgan_0070,drug_chem_features.parquet
drug_morgan_0071,drug_chem_features.parquet
drug_morgan_0072,drug_chem_features.parquet
drug_morgan_0073,drug_chem_features.parquet
drug_morgan_0074,drug_chem_features.parquet
drug_morgan_0075,drug_chem_features.parquet
drug_morgan_0076,drug_chem_features.parquet
drug_morgan_0077,drug_chem_features.parquet
drug_morgan_0078,drug_chem_features.parquet
drug_morgan_0079,drug_chem_features.parquet
drug_morgan_0080,drug_chem_features.parquet
drug_morgan_0081,drug_chem_features.parquet
drug_morgan_0082,drug_chem_features.parquet
drug_morgan_0083,drug_chem_features.parquet
drug_morgan_0084,drug_chem_features.parquet
drug_morgan_0085,drug_chem_features.parquet
drug_morgan_0086,drug_chem_features.parquet
drug_morgan_0087,drug_chem_features.parquet
drug_morgan_0088,drug_chem_features.parquet
drug_morgan_0089,drug_chem_features.parquet
drug_morgan_0090,drug_chem_features.parquet
drug_morgan_0091,drug_chem_features.parquet
drug_morgan_0092,drug_chem_features.parquet
drug_morgan_0093,drug_chem_features.parquet
drug_morgan_0094,drug_chem_features.parquet
drug_morgan_0095,drug_chem_features.parquet
drug_morgan_0096,drug_chem_features.parquet
drug_morgan_0097,drug_chem_features.parquet
drug_morgan_0098,drug_chem_features.parquet
drug_morgan_0099,drug_chem_features.parquet
drug_morgan_0100,drug_chem_features.parquet
drug_morgan_0101,drug_chem_features.parquet
drug_morgan_0102,drug_chem_features.parquet
drug_morgan_0103,drug_chem_features.parquet
drug_morgan_0104,drug_chem_features.parquet
drug_morgan_0105,drug_chem_features.parquet
drug_morgan_0106,drug_chem_features.parquet
drug_morgan_0107,drug_chem_features.parquet
drug_morgan_0108,drug_chem_features.parquet
drug_morgan_0109,drug_chem_features.parquet
drug_morgan_0110,drug_chem_features.parquet
drug_morgan_0111,drug_chem_features.parquet
drug_morgan_0112,drug_chem_features.parquet
drug_morgan_0113,drug_chem_features.parquet
drug_morgan_0114,drug_chem_features.parquet
drug_morgan_0115,drug_chem_features.parquet
drug_morgan_0116,drug_chem_features.parquet
drug_morgan_0117,drug_chem_features.parquet
drug_morgan_0118,drug_chem_features.parquet
drug_morgan_0119,drug_chem_features.parquet
drug_morgan_0120,drug_chem_features.parquet
drug_morgan_0121,drug_chem_features.parquet
drug_morgan_0122,drug_chem_features.parquet
drug_morgan_0123,drug_chem_features.parquet
drug_morgan_0124,drug_chem_features.parquet
drug_morgan_0125,drug_chem_features.parquet
drug_morgan_0126,drug_chem_features.parquet
drug_morgan_0127,drug_chem_features.parquet
drug_morgan_0128,drug_chem_features.parquet
drug_morgan_0129,drug_chem_features.parquet
drug_morgan_0130,drug_chem_features.parquet
drug_morgan_0131,drug_chem_features.parquet
drug_morgan_0132,drug_chem_features.parquet
drug_morgan_0133,drug_chem_features.parquet
drug_morgan_0134,drug_chem_features.parquet
drug_morgan_0135,drug_chem_features.parquet
drug_morgan_0136,drug_chem_features.parquet
drug_morgan_0137,drug_chem_features.parquet
drug_morgan_0138,drug_chem_features.parquet
drug_morgan_0139,drug_chem_features.parquet
drug_morgan_0140,drug_chem_features.parquet
drug_morgan_0141,drug_chem_features.parquet
drug_morgan_0142,drug_chem_features.parquet
drug_morgan_0143,drug_chem_features.parquet
drug_morgan_0144,drug_chem_features.parquet
drug_morgan_0145,drug_chem_features.parquet
drug_morgan_0146,drug_chem_features.parquet
drug_morgan_0147,drug_chem_features.parquet
drug_morgan_0148,drug_chem_features.parquet
drug_morgan_0149,drug_chem_features.parquet
drug_morgan_0150,drug_chem_features.parquet
drug_morgan_0151,drug_chem_features.parquet
drug_morgan_0152,drug_chem_features.parquet
drug_morgan_0153,drug_chem_features.parquet
drug_morgan_0154,drug_chem_features.parquet
drug_morgan_0155,drug_chem_features.parquet
drug_morgan_0156,drug_chem_features.parquet
drug_morgan_0157,drug_chem_features.parquet
drug_morgan_0158,drug_chem_features.parquet
drug_morgan_0159,drug_chem_features.parquet
drug_morgan_0160,drug_chem_features.parquet
drug_morgan_0161,drug_chem_features.parquet
drug_morgan_0162,drug_chem_features.parquet
drug_morgan_0163,drug_chem_features.parquet
drug_morgan_0164,drug_chem_features.parquet
drug_morgan_0165,drug_chem_features.parquet
drug_morgan_0166,drug_chem_features.parquet
drug_morgan_0167,drug_chem_features.parquet
drug_morgan_0168,drug_chem_features.parquet
drug_morgan_0169,drug_chem_features.parquet
drug_morgan_0170,drug_chem_features.parquet
drug_morgan_0171,drug_chem_features.parquet
drug_morgan_0172,drug_chem_features.parquet
drug_morgan_0173,drug_chem_features.parquet
drug_morgan_0174,drug_chem_features.parquet
drug_morgan_0175,drug_chem_features.parquet
drug_morgan_0176,drug_chem_features.parquet
drug_morgan_0177,drug_chem_features.parquet
drug_morgan_0178,drug_chem_features.parquet
drug_morgan_0179,drug_chem_features.parquet
drug_morgan_0180,drug_chem_features.parquet
drug_morgan_0181,drug_chem_features.parquet
drug_morgan_0182,drug_chem_features.parquet
drug_morgan_0183,drug_chem_features.parquet
drug_morgan_0184,drug_chem_features.parquet
drug_morgan_0185,drug_chem_features.parquet
drug_morgan_0186,drug_chem_features.parquet
drug_morgan_0187,drug_chem_features.parquet
drug_morgan_0188,drug_chem_features.parquet
drug_morgan_0189,drug_chem_features.parquet
drug_morgan_0190,drug_chem_features.parquet
drug_morgan_0191,drug_chem_features.parquet
drug_morgan_0192,drug_chem_features.parquet
drug_morgan_0193,drug_chem_features.parquet
drug_morgan_0194,drug_chem_features.parquet
drug_morgan_0195,drug_chem_features.parquet
drug_morgan_0196,drug_chem_features.parquet
drug_morgan_0197,drug_chem_features.parquet
drug_morgan_0198,drug_chem_features.parquet
drug_morgan_0199,drug_chem_features.parquet
drug_morgan_0200,drug_chem_features.parquet
drug_morgan_0201,drug_chem_features.parquet
drug_morgan_0202,drug_chem_features.parquet
drug_morgan_0203,drug_chem_features.parquet
drug_morgan_0204,drug_chem_features.parquet
drug_morgan_0205,drug_chem_features.parquet
drug_morgan_0206,drug_chem_features.parquet
drug_morgan_0207,drug_chem_features.parquet
drug_morgan_0208,drug_chem_features.parquet
drug_morgan_0209,drug_chem_features.parquet
drug_morgan_0210,drug_chem_features.parquet
drug_morgan_0211,drug_chem_features.parquet
drug_morgan_0212,drug_chem_features.parquet
drug_morgan_0213,drug_chem_features.parquet
drug_morgan_0214,drug_chem_features.parquet
drug_morgan_0215,drug_chem_features.parquet
drug_morgan_0216,drug_chem_features.parquet
drug_morgan_0217,drug_chem_features.parquet
drug_morgan_0218,drug_chem_features.parquet
drug_morgan_0219,drug_chem_features.parquet
drug_morgan_0220,drug_chem_features.parquet
drug_morgan_0221,drug_chem_features.parquet
drug_morgan_0222,drug_chem_features.parquet
drug_morgan_0223,drug_chem_features.parquet
drug_morgan_0224,drug_chem_features.parquet
drug_morgan_0225,drug_chem_features.parquet
drug_morgan_0226,drug_chem_features.parquet
drug_morgan_0227,drug_chem_features.parquet
drug_morgan_0228,drug_chem_features.parquet
drug_morgan_0229,drug_chem_features.parquet
drug_morgan_0230,drug_chem_features.parquet
drug_morgan_0231,drug_chem_features.parquet
drug_morgan_0232,drug_chem_features.parquet
drug_morgan_0233,drug_chem_features.parquet
drug_morgan_0234,drug_chem_features.parquet
drug_morgan_0235,drug_chem_features.parquet
drug_morgan_0236,drug_chem_features.parquet
drug_morgan_0237,drug_chem_features.parquet
drug_morgan_0238,drug_chem_features.parquet
drug_morgan_0239,drug_chem_features.parquet
drug_morgan_0240,drug_chem_features.parquet
drug_morgan_0241,drug_chem_features.parquet
drug_morgan_0242,drug_chem_features.parquet
drug_morgan_0243,drug_chem_features.parquet
drug_morgan_0244,drug_chem_features.parquet
drug_morgan_0245,drug_chem_features.parquet
drug_morgan_0246,drug_chem_features.parquet
drug_morgan_0247,drug_chem_features.parquet
drug_morgan_0248,drug_chem_features.parquet
drug_morgan_0249,drug_chem_features.parquet
drug_morgan_0250,drug_chem_features.parquet
drug_morgan_0251,drug_chem_features.parquet
drug_morgan_0252,drug_chem_features.parquet
drug_morgan_0253,drug_chem_features.parquet
drug_morgan_0254,drug_chem_features.parquet
drug_morgan_0255,drug_chem_features.parquet
drug_morgan_0256,drug_chem_features.parquet
drug_morgan_0257,drug_chem_features.parquet
drug_morgan_0258,drug_chem_features.parquet
drug_morgan_0259,drug_chem_features.parquet
drug_morgan_0260,drug_chem_features.parquet
drug_morgan_0261,drug_chem_features.parquet
drug_morgan_0262,drug_chem_features.parquet
drug_morgan_0263,drug_chem_features.parquet
drug_morgan_0264,drug_chem_features.parquet
drug_morgan_0265,drug_chem_features.parquet
drug_morgan_0266,drug_chem_features.parquet
drug_morgan_0267,drug_chem_features.parquet
drug_morgan_0268,drug_chem_features.parquet
drug_morgan_0269,drug_chem_features.parquet
drug_morgan_0270,drug_chem_features.parquet
drug_morgan_0271,drug_chem_features.parquet
drug_morgan_0272,drug_chem_features.parquet
drug_morgan_0273,drug_chem_features.parquet
drug_morgan_0274,drug_chem_features.parquet
drug_morgan_0275,drug_chem_features.parquet
drug_morgan_0276,drug_chem_features.parquet
drug_morgan_0277,drug_chem_features.parquet
drug_morgan_0278,drug_chem_features.parquet
drug_morgan_0279,drug_chem_features.parquet
drug_morgan_0280,drug_chem_features.parquet
drug_morgan_0281,drug_chem_features.parquet
drug_morgan_0282,drug_chem_features.parquet
drug_morgan_0283,drug_chem_features.parquet
drug_morgan_0284,drug_chem_features.parquet
drug_morgan_0285,drug_chem_features.parquet
drug_morgan_0286,drug_chem_features.parquet
drug_morgan_0287,drug_chem_features.parquet
drug_morgan_0288,drug_chem_features.parquet
drug_morgan_0289,drug_chem_features.parquet
drug_morgan_0290,drug_chem_features.parquet
drug_morgan_0291,drug_chem_features.parquet
drug_morgan_0292,drug_chem_features.parquet
drug_morgan_0293,drug_chem_features.parquet
drug_morgan_0294,drug_chem_features.parquet
drug_morgan_0295,drug_chem_features.parquet
drug_morgan_0296,drug_chem_features.parquet
drug_morgan_0297,drug_chem_features.parquet
drug_morgan_0298,drug_chem_features.parquet
drug_morgan_0299,drug_chem_features.parquet
drug_morgan_0300,drug_chem_features.parquet
drug_morgan_0301,drug_chem_features.parquet
drug_morgan_0302,drug_chem_features.parquet
drug_morgan_0303,drug_chem_features.parquet
drug_morgan_0304,drug_chem_features.parquet
drug_morgan_0305,drug_chem_features.parquet
drug_morgan_0306,drug_chem_features.parquet
drug_morgan_0307,drug_chem_features.parquet
drug_morgan_0308,drug_chem_features.parquet
drug_morgan_0309,drug_chem_features.parquet
drug_morgan_0310,drug_chem_features.parquet
drug_morgan_0311,drug_chem_features.parquet
drug_morgan_0312,drug_chem_features.parquet
drug_morgan_0313,drug_chem_features.parquet
drug_morgan_0314,drug_chem_features.parquet
drug_morgan_0315,drug_chem_features.parquet
drug_morgan_0316,drug_chem_features.parquet
drug_morgan_0317,drug_chem_features.parquet
drug_morgan_0318,drug_chem_features.parquet
drug_morgan_0319,drug_chem_features.parquet
drug_morgan_0320,drug_chem_features.parquet
drug_morgan_0321,drug_chem_features.parquet
drug_morgan_0322,drug_chem_features.parquet
drug_morgan_0323,drug_chem_features.parquet
drug_morgan_0324,drug_chem_features.parquet
drug_morgan_0325,drug_chem_features.parquet
drug_morgan_0326,drug_chem_features.parquet
drug_morgan_0327,drug_chem_features.parquet
drug_morgan_0328,drug_chem_features.parquet
drug_morgan_0329,drug_chem_features.parquet
drug_morgan_0330,drug_chem_features.parquet
drug_morgan_0331,drug_chem_features.parquet
drug_morgan_0332,drug_chem_features.parquet
drug_morgan_0333,drug_chem_features.parquet
drug_morgan_0334,drug_chem_features.parquet
drug_morgan_0335,drug_chem_features.parquet
drug_morgan_0336,drug_chem_features.parquet
drug_morgan_0337,drug_chem_features.parquet
drug_morgan_0338,drug_chem_features.parquet
drug_morgan_0339,drug_chem_features.parquet
drug_morgan_0340,drug_chem_features.parquet
drug_morgan_0341,drug_chem_features.parquet
drug_morgan_0342,drug_chem_features.parquet
drug_morgan_0343,drug_chem_features.parquet
drug_morgan_0344,drug_chem_features.parquet
drug_morgan_0345,drug_chem_features.parquet
drug_morgan_0346,drug_chem_features.parquet
drug_morgan_0347,drug_chem_features.parquet
drug_morgan_0348,drug_chem_features.parquet
drug_morgan_0349,drug_chem_features.parquet
drug_morgan_0350,drug_chem_features.parquet
drug_morgan_0351,drug_chem_features.parquet
drug_morgan_0352,drug_chem_features.parquet
drug_morgan_0353,drug_chem_features.parquet
drug_morgan_0354,drug_chem_features.parquet
drug_morgan_0355,drug_chem_features.parquet
drug_morgan_0356,drug_chem_features.parquet
drug_morgan_0357,drug_chem_features.parquet
drug_morgan_0358,drug_chem_features.parquet
drug_morgan_0359,drug_chem_features.parquet
drug_morgan_0360,drug_chem_features.parquet
drug_morgan_0361,drug_chem_features.parquet
drug_morgan_0362,drug_chem_features.parquet
drug_morgan_0363,drug_chem_features.parquet
drug_morgan_0364,drug_chem_features.parquet
drug_morgan_0365,drug_chem_features.parquet
drug_morgan_0366,drug_chem_features.parquet
drug_morgan_0367,drug_chem_features.parquet
drug_morgan_0368,drug_chem_features.parquet
drug_morgan_0369,drug_chem_features.parquet
drug_morgan_0370,drug_chem_features.parquet
drug_morgan_0371,drug_chem_features.parquet
drug_morgan_0372,drug_chem_features.parquet
drug_morgan_0373,drug_chem_features.parquet
drug_morgan_0374,drug_chem_features.parquet
drug_morgan_0375,drug_chem_features.parquet
drug_morgan_0376,drug_chem_features.parquet
drug_morgan_0377,drug_chem_features.parquet
drug_morgan_0378,drug_chem_features.parquet
drug_morgan_0379,drug_chem_features.parquet
drug_morgan_0380,drug_chem_features.parquet
drug_morgan_0381,drug_chem_features.parquet
drug_morgan_0382,drug_chem_features.parquet
drug_morgan_0383,drug_chem_features.parquet
drug_morgan_0384,drug_chem_features.parquet
drug_morgan_0385,drug_chem_features.parquet
drug_morgan_0386,drug_chem_features.parquet
drug_morgan_0387,drug_chem_features.parquet
drug_morgan_0388,drug_chem_features.parquet
drug_morgan_0389,drug_chem_features.parquet
drug_morgan_0390,drug_chem_features.parquet
drug_morgan_0391,drug_chem_features.parquet
drug_morgan_0392,drug_chem_features.parquet
drug_morgan_0393,drug_chem_features.parquet
drug_morgan_0394,drug_chem_features.parquet
drug_morgan_0395,drug_chem_features.parquet
drug_morgan_0396,drug_chem_features.parquet
drug_morgan_0397,drug_chem_features.parquet
drug_morgan_0398,drug_chem_features.parquet
drug_morgan_0399,drug_chem_features.parquet
drug_morgan_0400,drug_chem_features.parquet
drug_morgan_0401,drug_chem_features.parquet
drug_morgan_0402,drug_chem_features.parquet
drug_morgan_0403,drug_chem_features.parquet
drug_morgan_0404,drug_chem_features.parquet
drug_morgan_0405,drug_chem_features.parquet
drug_morgan_0406,drug_chem_features.parquet
drug_morgan_0407,drug_chem_features.parquet
drug_morgan_0408,drug_chem_features.parquet
drug_morgan_0409,drug_chem_features.parquet
drug_morgan_0410,drug_chem_features.parquet
drug_morgan_0411,drug_chem_features.parquet
drug_morgan_0412,drug_chem_features.parquet
drug_morgan_0413,drug_chem_features.parquet
drug_morgan_0414,drug_chem_features.parquet
drug_morgan_0415,drug_chem_features.parquet
drug_morgan_0416,drug_chem_features.parquet
drug_morgan_0417,drug_chem_features.parquet
drug_morgan_0418,drug_chem_features.parquet
drug_morgan_0419,drug_chem_features.parquet
drug_morgan_0420,drug_chem_features.parquet
drug_morgan_0421,drug_chem_features.parquet
drug_morgan_0422,drug_chem_features.parquet
drug_morgan_0423,drug_chem_features.parquet
drug_morgan_0424,drug_chem_features.parquet
drug_morgan_0425,drug_chem_features.parquet
drug_morgan_0426,drug_chem_features.parquet
drug_morgan_0427,drug_chem_features.parquet
drug_morgan_0428,drug_chem_features.parquet
drug_morgan_0429,drug_chem_features.parquet
drug_morgan_0430,drug_chem_features.parquet
drug_morgan_0431,drug_chem_features.parquet
drug_morgan_0432,drug_chem_features.parquet
drug_morgan_0433,drug_chem_features.parquet
drug_morgan_0434,drug_chem_features.parquet
drug_morgan_0435,drug_chem_features.parquet
drug_morgan_0436,drug_chem_features.parquet
drug_morgan_0437,drug_chem_features.parquet
drug_morgan_0438,drug_chem_features.parquet
drug_morgan_0439,drug_chem_features.parquet
drug_morgan_0440,drug_chem_features.parquet
drug_morgan_0441,drug_chem_features.parquet
drug_morgan_0442,drug_chem_features.parquet
drug_morgan_0443,drug_chem_features.parquet
drug_morgan_0444,drug_chem_features.parquet
drug_morgan_0445,drug_chem_features.parquet
drug_morgan_0446,drug_chem_features.parquet
drug_morgan_0447,drug_chem_features.parquet
drug_morgan_0448,drug_chem_features.parquet
drug_morgan_0449,drug_chem_features.parquet
drug_morgan_0450,drug_chem_features.parquet
drug_morgan_0451,drug_chem_features.parquet
drug_morgan_0452,drug_chem_features.parquet
drug_morgan_0453,drug_chem_features.parquet
drug_morgan_0454,drug_chem_features.parquet
drug_morgan_0455,drug_chem_features.parquet
drug_morgan_0456,drug_chem_features.parquet
drug_morgan_0457,drug_chem_features.parquet
drug_morgan_0458,drug_chem_features.parquet
drug_morgan_0459,drug_chem_features.parquet
drug_morgan_0460,drug_chem_features.parquet
drug_morgan_0461,drug_chem_features.parquet
drug_morgan_0462,drug_chem_features.parquet
drug_morgan_0463,drug_chem_features.parquet
drug_morgan_0464,drug_chem_features.parquet
drug_morgan_0465,drug_chem_features.parquet
drug_morgan_0466,drug_chem_features.parquet
drug_morgan_0467,drug_chem_features.parquet
drug_morgan_0468,drug_chem_features.parquet
drug_morgan_0469,drug_chem_features.parquet
drug_morgan_0470,drug_chem_features.parquet
drug_morgan_0471,drug_chem_features.parquet
drug_morgan_0472,drug_chem_features.parquet
drug_morgan_0473,drug_chem_features.parquet
drug_morgan_0474,drug_chem_features.parquet
drug_morgan_0475,drug_chem_features.parquet
drug_morgan_0476,drug_chem_features.parquet
drug_morgan_0477,drug_chem_features.parquet
drug_morgan_0478,drug_chem_features.parquet
drug_morgan_0479,drug_chem_features.parquet
drug_morgan_0480,drug_chem_features.parquet
drug_morgan_0481,drug_chem_features.parquet
drug_morgan_0482,drug_chem_features.parquet
drug_morgan_0483,drug_chem_features.parquet
drug_morgan_0484,drug_chem_features.parquet
drug_morgan_0485,drug_chem_features.parquet
drug_morgan_0486,drug_chem_features.parquet
drug_morgan_0487,drug_chem_features.parquet
drug_morgan_0488,drug_chem_features.parquet
drug_morgan_0489,drug_chem_features.parquet
drug_morgan_0490,drug_chem_features.parquet
drug_morgan_0491,drug_chem_features.parquet
drug_morgan_0492,drug_chem_features.parquet
drug_morgan_0493,drug_chem_features.parquet
drug_morgan_0494,drug_chem_features.parquet
drug_morgan_0495,drug_chem_features.parquet
drug_morgan_0496,drug_chem_features.parquet
drug_morgan_0497,drug_chem_features.parquet
drug_morgan_0498,drug_chem_features.parquet
drug_morgan_0499,drug_chem_features.parquet
drug_morgan_0500,drug_chem_features.parquet
drug_morgan_0501,drug_chem_features.parquet
drug_morgan_0502,drug_chem_features.parquet
drug_morgan_0503,drug_chem_features.parquet
drug_morgan_0504,drug_chem_features.parquet
drug_morgan_0505,drug_chem_features.parquet
drug_morgan_0506,drug_chem_features.parquet
drug_morgan_0507,drug_chem_features.parquet
drug_morgan_0508,drug_chem_features.parquet
drug_morgan_0509,drug_chem_features.parquet
drug_morgan_0510,drug_chem_features.parquet
drug_morgan_0511,drug_chem_features.parquet
drug_morgan_0512,drug_chem_features.parquet
drug_morgan_0513,drug_chem_features.parquet
drug_morgan_0514,drug_chem_features.parquet
drug_morgan_0515,drug_chem_features.parquet
drug_morgan_0516,drug_chem_features.parquet
drug_morgan_0517,drug_chem_features.parquet
drug_morgan_0518,drug_chem_features.parquet
drug_morgan_0519,drug_chem_features.parquet
drug_morgan_0520,drug_chem_features.parquet
drug_morgan_0521,drug_chem_features.parquet
drug_morgan_0522,drug_chem_features.parquet
drug_morgan_0523,drug_chem_features.parquet
drug_morgan_0524,drug_chem_features.parquet
drug_morgan_0525,drug_chem_features.parquet
drug_morgan_0526,drug_chem_features.parquet
drug_morgan_0527,drug_chem_features.parquet
drug_morgan_0528,drug_chem_features.parquet
drug_morgan_0529,drug_chem_features.parquet
drug_morgan_0530,drug_chem_features.parquet
drug_morgan_0531,drug_chem_features.parquet
drug_morgan_0532,drug_chem_features.parquet
drug_morgan_0533,drug_chem_features.parquet
drug_morgan_0534,drug_chem_features.parquet
drug_morgan_0535,drug_chem_features.parquet
drug_morgan_0536,drug_chem_features.parquet
drug_morgan_0537,drug_chem_features.parquet
drug_morgan_0538,drug_chem_features.parquet
drug_morgan_0539,drug_chem_features.parquet
drug_morgan_0540,drug_chem_features.parquet
drug_morgan_0541,drug_chem_features.parquet
drug_morgan_0542,drug_chem_features.parquet
drug_morgan_0543,drug_chem_features.parquet
drug_morgan_0544,drug_chem_features.parquet
drug_morgan_0545,drug_chem_features.parquet
drug_morgan_0546,drug_chem_features.parquet
drug_morgan_0547,drug_chem_features.parquet
drug_morgan_0548,drug_chem_features.parquet
drug_morgan_0549,drug_chem_features.parquet
drug_morgan_0550,drug_chem_features.parquet
drug_morgan_0551,drug_chem_features.parquet
drug_morgan_0552,drug_chem_features.parquet
drug_morgan_0553,drug_chem_features.parquet
drug_morgan_0554,drug_chem_features.parquet
drug_morgan_0555,drug_chem_features.parquet
drug_morgan_0556,drug_chem_features.parquet
drug_morgan_0557,drug_chem_features.parquet
drug_morgan_0558,drug_chem_features.parquet
drug_morgan_0559,drug_chem_features.parquet
drug_morgan_0560,drug_chem_features.parquet
drug_morgan_0561,drug_chem_features.parquet
drug_morgan_0562,drug_chem_features.parquet
drug_morgan_0563,drug_chem_features.parquet
drug_morgan_0564,drug_chem_features.parquet
drug_morgan_0565,drug_chem_features.parquet
drug_morgan_0566,drug_chem_features.parquet
drug_morgan_0567,drug_chem_features.parquet
drug_morgan_0568,drug_chem_features.parquet
drug_morgan_0569,drug_chem_features.parquet
drug_morgan_0570,drug_chem_features.parquet
drug_morgan_0571,drug_chem_features.parquet
drug_morgan_0572,drug_chem_features.parquet
drug_morgan_0573,drug_chem_features.parquet
drug_morgan_0574,drug_chem_features.parquet
drug_morgan_0575,drug_chem_features.parquet
drug_morgan_0576,drug_chem_features.parquet
drug_morgan_0577,drug_chem_features.parquet
drug_morgan_0578,drug_chem_features.parquet
drug_morgan_0579,drug_chem_features.parquet
drug_morgan_0580,drug_chem_features.parquet
drug_morgan_0581,drug_chem_features.parquet
drug_morgan_0582,drug_chem_features.parquet
drug_morgan_0583,drug_chem_features.parquet
drug_morgan_0584,drug_chem_features.parquet
drug_morgan_0585,drug_chem_features.parquet
drug_morgan_0586,drug_chem_features.parquet
drug_morgan_0587,drug_chem_features.parquet
drug_morgan_0588,drug_chem_features.parquet
drug_morgan_0589,drug_chem_features.parquet
drug_morgan_0590,drug_chem_features.parquet
drug_morgan_0591,drug_chem_features.parquet
drug_morgan_0592,drug_chem_features.parquet
drug_morgan_0593,drug_chem_features.parquet
drug_morgan_0594,drug_chem_features.parquet
drug_morgan_0595,drug_chem_features.parquet
drug_morgan_0596,drug_chem_features.parquet
drug_morgan_0597,drug_chem_features.parquet
drug_morgan_0598,drug_chem_features.parquet
drug_morgan_0599,drug_chem_features.parquet
drug_morgan_0600,drug_chem_features.parquet
drug_morgan_0601,drug_chem_features.parquet
drug_morgan_0602,drug_chem_features.parquet
drug_morgan_0603,drug_chem_features.parquet
drug_morgan_0604,drug_chem_features.parquet
drug_morgan_0605,drug_chem_features.parquet
drug_morgan_0606,drug_chem_features.parquet
drug_morgan_0607,drug_chem_features.parquet
drug_morgan_0608,drug_chem_features.parquet
drug_morgan_0609,drug_chem_features.parquet
drug_morgan_0610,drug_chem_features.parquet
drug_morgan_0611,drug_chem_features.parquet
drug_morgan_0612,drug_chem_features.parquet
drug_morgan_0613,drug_chem_features.parquet
drug_morgan_0614,drug_chem_features.parquet
drug_morgan_0615,drug_chem_features.parquet
drug_morgan_0616,drug_chem_features.parquet
drug_morgan_0617,drug_chem_features.parquet
drug_morgan_0618,drug_chem_features.parquet
drug_morgan_0619,drug_chem_features.parquet
drug_morgan_0620,drug_chem_features.parquet
drug_morgan_0621,drug_chem_features.parquet
drug_morgan_0622,drug_chem_features.parquet
drug_morgan_0623,drug_chem_features.parquet
drug_morgan_0624,drug_chem_features.parquet
drug_morgan_0625,drug_chem_features.parquet
drug_morgan_0626,drug_chem_features.parquet
drug_morgan_0627,drug_chem_features.parquet
drug_morgan_0628,drug_chem_features.parquet
drug_morgan_0629,drug_chem_features.parquet
drug_morgan_0630,drug_chem_features.parquet
drug_morgan_0631,drug_chem_features.parquet
drug_morgan_0632,drug_chem_features.parquet
drug_morgan_0633,drug_chem_features.parquet
drug_morgan_0634,drug_chem_features.parquet
drug_morgan_0635,drug_chem_features.parquet
drug_morgan_0636,drug_chem_features.parquet
drug_morgan_0637,drug_chem_features.parquet
drug_morgan_0638,drug_chem_features.parquet
drug_morgan_0639,drug_chem_features.parquet
drug_morgan_0640,drug_chem_features.parquet
drug_morgan_0641,drug_chem_features.parquet
drug_morgan_0642,drug_chem_features.parquet
drug_morgan_0643,drug_chem_features.parquet
drug_morgan_0644,drug_chem_features.parquet
drug_morgan_0645,drug_chem_features.parquet
drug_morgan_0646,drug_chem_features.parquet
drug_morgan_0647,drug_chem_features.parquet
drug_morgan_0648,drug_chem_features.parquet
drug_morgan_0649,drug_chem_features.parquet
drug_morgan_0650,drug_chem_features.parquet
drug_morgan_0651,drug_chem_features.parquet
drug_morgan_0652,drug_chem_features.parquet
drug_morgan_0653,drug_chem_features.parquet
drug_morgan_0654,drug_chem_features.parquet
drug_morgan_0655,drug_chem_features.parquet
drug_morgan_0656,drug_chem_features.parquet
drug_morgan_0657,drug_chem_features.parquet
drug_morgan_0658,drug_chem_features.parquet
drug_morgan_0659,drug_chem_features.parquet
drug_morgan_0660,drug_chem_features.parquet
drug_morgan_0661,drug_chem_features.parquet
drug_morgan_0662,drug_chem_features.parquet
drug_morgan_0663,drug_chem_features.parquet
drug_morgan_0664,drug_chem_features.parquet
drug_morgan_0665,drug_chem_features.parquet
drug_morgan_0666,drug_chem_features.parquet
drug_morgan_0667,drug_chem_features.parquet
drug_morgan_0668,drug_chem_features.parquet
drug_morgan_0669,drug_chem_features.parquet
drug_morgan_0670,drug_chem_features.parquet
drug_morgan_0671,drug_chem_features.parquet
drug_morgan_0672,drug_chem_features.parquet
drug_morgan_0673,drug_chem_features.parquet
drug_morgan_0674,drug_chem_features.parquet
drug_morgan_0675,drug_chem_features.parquet
drug_morgan_0676,drug_chem_features.parquet
drug_morgan_0677,drug_chem_features.parquet
drug_morgan_0678,drug_chem_features.parquet
drug_morgan_0679,drug_chem_features.parquet
drug_morgan_0680,drug_chem_features.parquet
drug_morgan_0681,drug_chem_features.parquet
drug_morgan_0682,drug_chem_features.parquet
drug_morgan_0683,drug_chem_features.parquet
drug_morgan_0684,drug_chem_features.parquet
drug_morgan_0685,drug_chem_features.parquet
drug_morgan_0686,drug_chem_features.parquet
drug_morgan_0687,drug_chem_features.parquet
drug_morgan_0688,drug_chem_features.parquet
drug_morgan_0689,drug_chem_features.parquet
drug_morgan_0690,drug_chem_features.parquet
drug_morgan_0691,drug_chem_features.parquet
drug_morgan_0692,drug_chem_features.parquet
drug_morgan_0693,drug_chem_features.parquet
drug_morgan_0694,drug_chem_features.parquet
drug_morgan_0695,drug_chem_features.parquet
drug_morgan_0696,drug_chem_features.parquet
drug_morgan_0697,drug_chem_features.parquet
drug_morgan_0698,drug_chem_features.parquet
drug_morgan_0699,drug_chem_features.parquet
drug_morgan_0700,drug_chem_features.parquet
drug_morgan_0701,drug_chem_features.parquet
drug_morgan_0702,drug_chem_features.parquet
drug_morgan_0703,drug_chem_features.parquet
drug_morgan_0704,drug_chem_features.parquet
drug_morgan_0705,drug_chem_features.parquet
drug_morgan_0706,drug_chem_features.parquet
drug_morgan_0707,drug_chem_features.parquet
drug_morgan_0708,drug_chem_features.parquet
drug_morgan_0709,drug_chem_features.parquet
drug_morgan_0710,drug_chem_features.parquet
drug_morgan_0711,drug_chem_features.parquet
drug_morgan_0712,drug_chem_features.parquet
drug_morgan_0713,drug_chem_features.parquet
drug_morgan_0714,drug_chem_features.parquet
drug_morgan_0715,drug_chem_features.parquet
drug_morgan_0716,drug_chem_features.parquet
drug_morgan_0717,drug_chem_features.parquet
drug_morgan_0718,drug_chem_features.parquet
drug_morgan_0719,drug_chem_features.parquet
drug_morgan_0720,drug_chem_features.parquet
drug_morgan_0721,drug_chem_features.parquet
drug_morgan_0722,drug_chem_features.parquet
drug_morgan_0723,drug_chem_features.parquet
drug_morgan_0724,drug_chem_features.parquet
drug_morgan_0725,drug_chem_features.parquet
drug_morgan_0726,drug_chem_features.parquet
drug_morgan_0727,drug_chem_features.parquet
drug_morgan_0728,drug_chem_features.parquet
drug_morgan_0729,drug_chem_features.parquet
drug_morgan_0730,drug_chem_features.parquet
drug_morgan_0731,drug_chem_features.parquet
drug_morgan_0732,drug_chem_features.parquet
drug_morgan_0733,drug_chem_features.parquet
drug_morgan_0734,drug_chem_features.parquet
drug_morgan_0735,drug_chem_features.parquet
drug_morgan_0736,drug_chem_features.parquet
drug_morgan_0737,drug_chem_features.parquet
drug_morgan_0738,drug_chem_features.parquet
drug_morgan_0739,drug_chem_features.parquet
drug_morgan_0740,drug_chem_features.parquet
drug_morgan_0741,drug_chem_features.parquet
drug_morgan_0742,drug_chem_features.parquet
drug_morgan_0743,drug_chem_features.parquet
drug_morgan_0744,drug_chem_features.parquet
drug_morgan_0745,drug_chem_features.parquet
drug_morgan_0746,drug_chem_features.parquet
drug_morgan_0747,drug_chem_features.parquet
drug_morgan_0748,drug_chem_features.parquet
drug_morgan_0749,drug_chem_features.parquet
drug_morgan_0750,drug_chem_features.parquet
drug_morgan_0751,drug_chem_features.parquet
drug_morgan_0752,drug_chem_features.parquet
drug_morgan_0753,drug_chem_features.parquet
drug_morgan_0754,drug_chem_features.parquet
drug_morgan_0755,drug_chem_features.parquet
drug_morgan_0756,drug_chem_features.parquet
drug_morgan_0757,drug_chem_features.parquet
drug_morgan_0758,drug_chem_features.parquet
drug_morgan_0759,drug_chem_features.parquet
drug_morgan_0760,drug_chem_features.parquet
drug_morgan_0761,drug_chem_features.parquet
drug_morgan_0762,drug_chem_features.parquet
drug_morgan_0763,drug_chem_features.parquet
drug_morgan_0764,drug_chem_features.parquet
drug_morgan_0765,drug_chem_features.parquet
drug_morgan_0766,drug_chem_features.parquet
drug_morgan_0767,drug_chem_features.parquet
drug_morgan_0768,drug_chem_features.parquet
drug_morgan_0769,drug_chem_features.parquet
drug_morgan_0770,drug_chem_features.parquet
drug_morgan_0771,drug_chem_features.parquet
drug_morgan_0772,drug_chem_features.parquet
drug_morgan_0773,drug_chem_features.parquet
drug_morgan_0774,drug_chem_features.parquet
drug_morgan_0775,drug_chem_features.parquet
drug_morgan_0776,drug_chem_features.parquet
drug_morgan_0777,drug_chem_features.parquet
drug_morgan_0778,drug_chem_features.parquet
drug_morgan_0779,drug_chem_features.parquet
drug_morgan_0780,drug_chem_features.parquet
drug_morgan_0781,drug_chem_features.parquet
drug_morgan_0782,drug_chem_features.parquet
drug_morgan_0783,drug_chem_features.parquet
drug_morgan_0784,drug_chem_features.parquet
drug_morgan_0785,drug_chem_features.parquet
drug_morgan_0786,drug_chem_features.parquet
drug_morgan_0787,drug_chem_features.parquet
drug_morgan_0788,drug_chem_features.parquet
drug_morgan_0789,drug_chem_features.parquet
drug_morgan_0790,drug_chem_features.parquet
drug_morgan_0791,drug_chem_features.parquet
drug_morgan_0792,drug_chem_features.parquet
drug_morgan_0793,drug_chem_features.parquet
drug_morgan_0794,drug_chem_features.parquet
drug_morgan_0795,drug_chem_features.parquet
drug_morgan_0796,drug_chem_features.parquet
drug_morgan_0797,drug_chem_features.parquet
drug_morgan_0798,drug_chem_features.parquet
drug_morgan_0799,drug_chem_features.parquet
drug_morgan_0800,drug_chem_features.parquet
drug_morgan_0801,drug_chem_features.parquet
drug_morgan_0802,drug_chem_features.parquet
drug_morgan_0803,drug_chem_features.parquet
drug_morgan_0804,drug_chem_features.parquet
drug_morgan_0805,drug_chem_features.parquet
drug_morgan_0806,drug_chem_features.parquet
drug_morgan_0807,drug_chem_features.parquet
drug_morgan_0808,drug_chem_features.parquet
drug_morgan_0809,drug_chem_features.parquet
drug_morgan_0810,drug_chem_features.parquet
drug_morgan_0811,drug_chem_features.parquet
drug_morgan_0812,drug_chem_features.parquet
drug_morgan_0813,drug_chem_features.parquet
drug_morgan_0814,drug_chem_features.parquet
drug_morgan_0815,drug_chem_features.parquet
drug_morgan_0816,drug_chem_features.parquet
drug_morgan_0817,drug_chem_features.parquet
drug_morgan_0818,drug_chem_features.parquet
drug_morgan_0819,drug_chem_features.parquet
drug_morgan_0820,drug_chem_features.parquet
drug_morgan_0821,drug_chem_features.parquet
drug_morgan_0822,drug_chem_features.parquet
drug_morgan_0823,drug_chem_features.parquet
drug_morgan_0824,drug_chem_features.parquet
drug_morgan_0825,drug_chem_features.parquet
drug_morgan_0826,drug_chem_features.parquet
drug_morgan_0827,drug_chem_features.parquet
drug_morgan_0828,drug_chem_features.parquet
drug_morgan_0829,drug_chem_features.parquet
drug_morgan_0830,drug_chem_features.parquet
drug_morgan_0831,drug_chem_features.parquet
drug_morgan_0832,drug_chem_features.parquet
drug_morgan_0833,drug_chem_features.parquet
drug_morgan_0834,drug_chem_features.parquet
drug_morgan_0835,drug_chem_features.parquet
drug_morgan_0836,drug_chem_features.parquet
drug_morgan_0837,drug_chem_features.parquet
drug_morgan_0838,drug_chem_features.parquet
drug_morgan_0839,drug_chem_features.parquet
drug_morgan_0840,drug_chem_features.parquet
drug_morgan_0841,drug_chem_features.parquet
drug_morgan_0842,drug_chem_features.parquet
drug_morgan_0843,drug_chem_features.parquet
drug_morgan_0844,drug_chem_features.parquet
drug_morgan_0845,drug_chem_features.parquet
drug_morgan_0846,drug_chem_features.parquet
drug_morgan_0847,drug_chem_features.parquet
drug_morgan_0848,drug_chem_features.parquet
drug_morgan_0849,drug_chem_features.parquet
drug_morgan_0850,drug_chem_features.parquet
drug_morgan_0851,drug_chem_features.parquet
drug_morgan_0852,drug_chem_features.parquet
drug_morgan_0853,drug_chem_features.parquet
drug_morgan_0854,drug_chem_features.parquet
drug_morgan_0855,drug_chem_features.parquet
drug_morgan_0856,drug_chem_features.parquet
drug_morgan_0857,drug_chem_features.parquet
drug_morgan_0858,drug_chem_features.parquet
drug_morgan_0859,drug_chem_features.parquet
drug_morgan_0860,drug_chem_features.parquet
drug_morgan_0861,drug_chem_features.parquet
drug_morgan_0862,drug_chem_features.parquet
drug_morgan_0863,drug_chem_features.parquet
drug_morgan_0864,drug_chem_features.parquet
drug_morgan_0865,drug_chem_features.parquet
drug_morgan_0866,drug_chem_features.parquet
drug_morgan_0867,drug_chem_features.parquet
drug_morgan_0868,drug_chem_features.parquet
drug_morgan_0869,drug_chem_features.parquet
drug_morgan_0870,drug_chem_features.parquet
drug_morgan_0871,drug_chem_features.parquet
drug_morgan_0872,drug_chem_features.parquet
drug_morgan_0873,drug_chem_features.parquet
drug_morgan_0874,drug_chem_features.parquet
drug_morgan_0875,drug_chem_features.parquet
drug_morgan_0876,drug_chem_features.parquet
drug_morgan_0877,drug_chem_features.parquet
drug_morgan_0878,drug_chem_features.parquet
drug_morgan_0879,drug_chem_features.parquet
drug_morgan_0880,drug_chem_features.parquet
drug_morgan_0881,drug_chem_features.parquet
drug_morgan_0882,drug_chem_features.parquet
drug_morgan_0883,drug_chem_features.parquet
drug_morgan_0884,drug_chem_features.parquet
drug_morgan_0885,drug_chem_features.parquet
drug_morgan_0886,drug_chem_features.parquet
drug_morgan_0887,drug_chem_features.parquet
drug_morgan_0888,drug_chem_features.parquet
drug_morgan_0889,drug_chem_features.parquet
drug_morgan_0890,drug_chem_features.parquet
drug_morgan_0891,drug_chem_features.parquet
drug_morgan_0892,drug_chem_features.parquet
drug_morgan_0893,drug_chem_features.parquet
drug_morgan_0894,drug_chem_features.parquet
drug_morgan_0895,drug_chem_features.parquet
drug_morgan_0896,drug_chem_features.parquet
drug_morgan_0897,drug_chem_features.parquet
drug_morgan_0898,drug_chem_features.parquet
drug_morgan_0899,drug_chem_features.parquet
drug_morgan_0900,drug_chem_features.parquet
drug_morgan_0901,drug_chem_features.parquet
drug_morgan_0902,drug_chem_features.parquet
drug_morgan_0903,drug_chem_features.parquet
drug_morgan_0904,drug_chem_features.parquet
drug_morgan_0905,drug_chem_features.parquet
drug_morgan_0906,drug_chem_features.parquet
drug_morgan_0907,drug_chem_features.parquet
drug_morgan_0908,drug_chem_features.parquet
drug_morgan_0909,drug_chem_features.parquet
drug_morgan_0910,drug_chem_features.parquet
drug_morgan_0911,drug_chem_features.parquet
drug_morgan_0912,drug_chem_features.parquet
drug_morgan_0913,drug_chem_features.parquet
drug_morgan_0914,drug_chem_features.parquet
drug_morgan_0915,drug_chem_features.parquet
drug_morgan_0916,drug_chem_features.parquet
drug_morgan_0917,drug_chem_features.parquet
drug_morgan_0918,drug_chem_features.parquet
drug_morgan_0919,drug_chem_features.parquet
drug_morgan_0920,drug_chem_features.parquet
drug_morgan_0921,drug_chem_features.parquet
drug_morgan_0922,drug_chem_features.parquet
drug_morgan_0923,drug_chem_features.parquet
drug_morgan_0924,drug_chem_features.parquet
drug_morgan_0925,drug_chem_features.parquet
drug_morgan_0926,drug_chem_features.parquet
drug_morgan_0927,drug_chem_features.parquet
drug_morgan_0928,drug_chem_features.parquet
drug_morgan_0929,drug_chem_features.parquet
drug_morgan_0930,drug_chem_features.parquet
drug_morgan_0931,drug_chem_features.parquet
drug_morgan_0932,drug_chem_features.parquet
drug_morgan_0933,drug_chem_features.parquet
drug_morgan_0934,drug_chem_features.parquet
drug_morgan_0935,drug_chem_features.parquet
drug_morgan_0936,drug_chem_features.parquet
drug_morgan_0937,drug_chem_features.parquet
drug_morgan_0938,drug_chem_features.parquet
drug_morgan_0939,drug_chem_features.parquet
drug_morgan_0940,drug_chem_features.parquet
drug_morgan_0941,drug_chem_features.parquet
drug_morgan_0942,drug_chem_features.parquet
drug_morgan_0943,drug_chem_features.parquet
drug_morgan_0944,drug_chem_features.parquet
drug_morgan_0945,drug_chem_features.parquet
drug_morgan_0946,drug_chem_features.parquet
drug_morgan_0947,drug_chem_features.parquet
drug_morgan_0948,drug_chem_features.parquet
drug_morgan_0949,drug_chem_features.parquet
drug_morgan_0950,drug_chem_features.parquet
drug_morgan_0951,drug_chem_features.parquet
drug_morgan_0952,drug_chem_features.parquet
drug_morgan_0953,drug_chem_features.parquet
drug_morgan_0954,drug_chem_features.parquet
drug_morgan_0955,drug_chem_features.parquet
drug_morgan_0956,drug_chem_features.parquet
drug_morgan_0957,drug_chem_features.parquet
drug_morgan_0958,drug_chem_features.parquet
drug_morgan_0959,drug_chem_features.parquet
drug_morgan_0960,drug_chem_features.parquet
drug_morgan_0961,drug_chem_features.parquet
drug_morgan_0962,drug_chem_features.parquet
drug_morgan_0963,drug_chem_features.parquet
drug_morgan_0964,drug_chem_features.parquet
drug_morgan_0965,drug_chem_features.parquet
drug_morgan_0966,drug_chem_features.parquet
drug_morgan_0967,drug_chem_features.parquet
drug_morgan_0968,drug_chem_features.parquet
drug_morgan_0969,drug_chem_features.parquet
drug_morgan_0970,drug_chem_features.parquet
drug_morgan_0971,drug_chem_features.parquet
drug_morgan_0972,drug_chem_features.parquet
drug_morgan_0973,drug_chem_features.parquet
drug_morgan_0974,drug_chem_features.parquet
drug_morgan_0975,drug_chem_features.parquet
drug_morgan_0976,drug_chem_features.parquet
drug_morgan_0977,drug_chem_features.parquet
drug_morgan_0978,drug_chem_features.parquet
drug_morgan_0979,drug_chem_features.parquet
drug_morgan_0980,drug_chem_features.parquet
drug_morgan_0981,drug_chem_features.parquet
drug_morgan_0982,drug_chem_features.parquet
drug_morgan_0983,drug_chem_features.parquet
drug_morgan_0984,drug_chem_features.parquet
drug_morgan_0985,drug_chem_features.parquet
drug_morgan_0986,drug_chem_features.parquet
drug_morgan_0987,drug_chem_features.parquet
drug_morgan_0988,drug_chem_features.parquet
drug_morgan_0989,drug_chem_features.parquet
drug_morgan_0990,drug_chem_features.parquet
drug_morgan_0991,drug_chem_features.parquet
drug_morgan_0992,drug_chem_features.parquet
drug_morgan_0993,drug_chem_features.parquet
drug_morgan_0994,drug_chem_features.parquet
drug_morgan_0995,drug_chem_features.parquet
drug_morgan_0996,drug_chem_features.parquet
drug_morgan_0997,drug_chem_features.parquet
drug_morgan_0998,drug_chem_features.parquet
drug_morgan_0999,drug_chem_features.parquet
drug_morgan_1000,drug_chem_features.parquet
drug_morgan_1001,drug_chem_features.parquet
drug_morgan_1002,drug_chem_features.parquet
drug_morgan_1003,drug_chem_features.parquet
drug_morgan_1004,drug_chem_features.parquet
drug_morgan_1005,drug_chem_features.parquet
drug_morgan_1006,drug_chem_features.parquet
drug_morgan_1007,drug_chem_features.parquet
drug_morgan_1008,drug_chem_features.parquet
drug_morgan_1009,drug_chem_features.parquet
drug_morgan_1010,drug_chem_features.parquet
drug_morgan_1011,drug_chem_features.parquet
drug_morgan_1012,drug_chem_features.parquet
drug_morgan_1013,drug_chem_features.parquet
drug_morgan_1014,drug_chem_features.parquet
drug_morgan_1015,drug_chem_features.parquet
drug_morgan_1016,drug_chem_features.parquet
drug_morgan_1017,drug_chem_features.parquet
drug_morgan_1018,drug_chem_features.parquet
drug_morgan_1019,drug_chem_features.parquet
drug_morgan_1020,drug_chem_features.parquet
drug_morgan_1021,drug_chem_features.parquet
drug_morgan_1022,drug_chem_features.parquet
drug_morgan_1023,drug_chem_features.parquet
drug_morgan_1024,drug_chem_features.parquet
drug_morgan_1025,drug_chem_features.parquet
drug_morgan_1026,drug_chem_features.parquet
drug_morgan_1027,drug_chem_features.parquet
drug_morgan_1028,drug_chem_features.parquet
drug_morgan_1029,drug_chem_features.parquet
drug_morgan_1030,drug_chem_features.parquet
drug_morgan_1031,drug_chem_features.parquet
drug_morgan_1032,drug_chem_features.parquet
drug_morgan_1033,drug_chem_features.parquet
drug_morgan_1034,drug_chem_features.parquet
drug_morgan_1035,drug_chem_features.parquet
drug_morgan_1036,drug_chem_features.parquet
drug_morgan_1037,drug_chem_features.parquet
drug_morgan_1038,drug_chem_features.parquet
drug_morgan_1039,drug_chem_features.parquet
drug_morgan_1040,drug_chem_features.parquet
drug_morgan_1041,drug_chem_features.parquet
drug_morgan_1042,drug_chem_features.parquet
drug_morgan_1043,drug_chem_features.parquet
drug_morgan_1044,drug_chem_features.parquet
drug_morgan_1045,drug_chem_features.parquet
drug_morgan_1046,drug_chem_features.parquet
drug_morgan_1047,drug_chem_features.parquet
drug_morgan_1048,drug_chem_features.parquet
drug_morgan_1049,drug_chem_features.parquet
drug_morgan_1050,drug_chem_features.parquet
drug_morgan_1051,drug_chem_features.parquet
drug_morgan_1052,drug_chem_features.parquet
drug_morgan_1053,drug_chem_features.parquet
drug_morgan_1054,drug_chem_features.parquet
drug_morgan_1055,drug_chem_features.parquet
drug_morgan_1056,drug_chem_features.parquet
drug_morgan_1057,drug_chem_features.parquet
drug_morgan_1058,drug_chem_features.parquet
drug_morgan_1059,drug_chem_features.parquet
drug_morgan_1060,drug_chem_features.parquet
drug_morgan_1061,drug_chem_features.parquet
drug_morgan_1062,drug_chem_features.parquet
drug_morgan_1063,drug_chem_features.parquet
drug_morgan_1064,drug_chem_features.parquet
drug_morgan_1065,drug_chem_features.parquet
drug_morgan_1066,drug_chem_features.parquet
drug_morgan_1067,drug_chem_features.parquet
drug_morgan_1068,drug_chem_features.parquet
drug_morgan_1069,drug_chem_features.parquet
drug_morgan_1070,drug_chem_features.parquet
drug_morgan_1071,drug_chem_features.parquet
drug_morgan_1072,drug_chem_features.parquet
drug_morgan_1073,drug_chem_features.parquet
drug_morgan_1074,drug_chem_features.parquet
drug_morgan_1075,drug_chem_features.parquet
drug_morgan_1076,drug_chem_features.parquet
drug_morgan_1077,drug_chem_features.parquet
drug_morgan_1078,drug_chem_features.parquet
drug_morgan_1079,drug_chem_features.parquet
drug_morgan_1080,drug_chem_features.parquet
drug_morgan_1081,drug_chem_features.parquet
drug_morgan_1082,drug_chem_features.parquet
drug_morgan_1083,drug_chem_features.parquet
drug_morgan_1084,drug_chem_features.parquet
drug_morgan_1085,drug_chem_features.parquet
drug_morgan_1086,drug_chem_features.parquet
drug_morgan_1087,drug_chem_features.parquet
drug_morgan_1088,drug_chem_features.parquet
drug_morgan_1089,drug_chem_features.parquet
drug_morgan_1090,drug_chem_features.parquet
drug_morgan_1091,drug_chem_features.parquet
drug_morgan_1092,drug_chem_features.parquet
drug_morgan_1093,drug_chem_features.parquet
drug_morgan_1094,drug_chem_features.parquet
drug_morgan_1095,drug_chem_features.parquet
drug_morgan_1096,drug_chem_features.parquet
drug_morgan_1097,drug_chem_features.parquet
drug_morgan_1098,drug_chem_features.parquet
drug_morgan_1099,drug_chem_features.parquet
drug_morgan_1100,drug_chem_features.parquet
drug_morgan_1101,drug_chem_features.parquet
drug_morgan_1102,drug_chem_features.parquet
drug_morgan_1103,drug_chem_features.parquet
drug_morgan_1104,drug_chem_features.parquet
drug_morgan_1105,drug_chem_features.parquet
drug_morgan_1106,drug_chem_features.parquet
drug_morgan_1107,drug_chem_features.parquet
drug_morgan_1108,drug_chem_features.parquet
drug_morgan_1109,drug_chem_features.parquet
drug_morgan_1110,drug_chem_features.parquet
drug_morgan_1111,drug_chem_features.parquet
drug_morgan_1112,drug_chem_features.parquet
drug_morgan_1113,drug_chem_features.parquet
drug_morgan_1114,drug_chem_features.parquet
drug_morgan_1115,drug_chem_features.parquet
drug_morgan_1116,drug_chem_features.parquet
drug_morgan_1117,drug_chem_features.parquet
drug_morgan_1118,drug_chem_features.parquet
drug_morgan_1119,drug_chem_features.parquet
drug_morgan_1120,drug_chem_features.parquet
drug_morgan_1121,drug_chem_features.parquet
drug_morgan_1122,drug_chem_features.parquet
drug_morgan_1123,drug_chem_features.parquet
drug_morgan_1124,drug_chem_features.parquet
drug_morgan_1125,drug_chem_features.parquet
drug_morgan_1126,drug_chem_features.parquet
drug_morgan_1127,drug_chem_features.parquet
drug_morgan_1128,drug_chem_features.parquet
drug_morgan_1129,drug_chem_features.parquet
drug_morgan_1130,drug_chem_features.parquet
drug_morgan_1131,drug_chem_features.parquet
drug_morgan_1132,drug_chem_features.parquet
drug_morgan_1133,drug_chem_features.parquet
drug_morgan_1134,drug_chem_features.parquet
drug_morgan_1135,drug_chem_features.parquet
drug_morgan_1136,drug_chem_features.parquet
drug_morgan_1137,drug_chem_features.parquet
drug_morgan_1138,drug_chem_features.parquet
drug_morgan_1139,drug_chem_features.parquet
drug_morgan_1140,drug_chem_features.parquet
drug_morgan_1141,drug_chem_features.parquet
drug_morgan_1142,drug_chem_features.parquet
drug_morgan_1143,drug_chem_features.parquet
drug_morgan_1144,drug_chem_features.parquet
drug_morgan_1145,drug_chem_features.parquet
drug_morgan_1146,drug_chem_features.parquet
drug_morgan_1147,drug_chem_features.parquet
drug_morgan_1148,drug_chem_features.parquet
drug_morgan_1149,drug_chem_features.parquet
drug_morgan_1150,drug_chem_features.parquet
drug_morgan_1151,drug_chem_features.parquet
drug_morgan_1152,drug_chem_features.parquet
drug_morgan_1153,drug_chem_features.parquet
drug_morgan_1154,drug_chem_features.parquet
drug_morgan_1155,drug_chem_features.parquet
drug_morgan_1156,drug_chem_features.parquet
drug_morgan_1157,drug_chem_features.parquet
drug_morgan_1158,drug_chem_features.parquet
drug_morgan_1159,drug_chem_features.parquet
drug_morgan_1160,drug_chem_features.parquet
drug_morgan_1161,drug_chem_features.parquet
drug_morgan_1162,drug_chem_features.parquet
drug_morgan_1163,drug_chem_features.parquet
drug_morgan_1164,drug_chem_features.parquet
drug_morgan_1165,drug_chem_features.parquet
drug_morgan_1166,drug_chem_features.parquet
drug_morgan_1167,drug_chem_features.parquet
drug_morgan_1168,drug_chem_features.parquet
drug_morgan_1169,drug_chem_features.parquet
drug_morgan_1170,drug_chem_features.parquet
drug_morgan_1171,drug_chem_features.parquet
drug_morgan_1172,drug_chem_features.parquet
drug_morgan_1173,drug_chem_features.parquet
drug_morgan_1174,drug_chem_features.parquet
drug_morgan_1175,drug_chem_features.parquet
drug_morgan_1176,drug_chem_features.parquet
drug_morgan_1177,drug_chem_features.parquet
drug_morgan_1178,drug_chem_features.parquet
drug_morgan_1179,drug_chem_features.parquet
drug_morgan_1180,drug_chem_features.parquet
drug_morgan_1181,drug_chem_features.parquet
drug_morgan_1182,drug_chem_features.parquet
drug_morgan_1183,drug_chem_features.parquet
drug_morgan_1184,drug_chem_features.parquet
drug_morgan_1185,drug_chem_features.parquet
drug_morgan_1186,drug_chem_features.parquet
drug_morgan_1187,drug_chem_features.parquet
drug_morgan_1188,drug_chem_features.parquet
drug_morgan_1189,drug_chem_features.parquet
drug_morgan_1190,drug_chem_features.parquet
drug_morgan_1191,drug_chem_features.parquet
drug_morgan_1192,drug_chem_features.parquet
drug_morgan_1193,drug_chem_features.parquet
drug_morgan_1194,drug_chem_features.parquet
drug_morgan_1195,drug_chem_features.parquet
drug_morgan_1196,drug_chem_features.parquet
drug_morgan_1197,drug_chem_features.parquet
drug_morgan_1198,drug_chem_features.parquet
drug_morgan_1199,drug_chem_features.parquet
drug_morgan_1200,drug_chem_features.parquet
drug_morgan_1201,drug_chem_features.parquet
drug_morgan_1202,drug_chem_features.parquet
drug_morgan_1203,drug_chem_features.parquet
drug_morgan_1204,drug_chem_features.parquet
drug_morgan_1205,drug_chem_features.parquet
drug_morgan_1206,drug_chem_features.parquet
drug_morgan_1207,drug_chem_features.parquet
drug_morgan_1208,drug_chem_features.parquet
drug_morgan_1209,drug_chem_features.parquet
drug_morgan_1210,drug_chem_features.parquet
drug_morgan_1211,drug_chem_features.parquet
drug_morgan_1212,drug_chem_features.parquet
drug_morgan_1213,drug_chem_features.parquet
drug_morgan_1214,drug_chem_features.parquet
drug_morgan_1215,drug_chem_features.parquet
drug_morgan_1216,drug_chem_features.parquet
drug_morgan_1217,drug_chem_features.parquet
drug_morgan_1218,drug_chem_features.parquet
drug_morgan_1219,drug_chem_features.parquet
drug_morgan_1220,drug_chem_features.parquet
drug_morgan_1221,drug_chem_features.parquet
drug_morgan_1222,drug_chem_features.parquet
drug_morgan_1223,drug_chem_features.parquet
drug_morgan_1224,drug_chem_features.parquet
drug_morgan_1225,drug_chem_features.parquet
drug_morgan_1226,drug_chem_features.parquet
drug_morgan_1227,drug_chem_features.parquet
drug_morgan_1228,drug_chem_features.parquet
drug_morgan_1229,drug_chem_features.parquet
drug_morgan_1230,drug_chem_features.parquet
drug_morgan_1231,drug_chem_features.parquet
drug_morgan_1232,drug_chem_features.parquet
drug_morgan_1233,drug_chem_features.parquet
drug_morgan_1234,drug_chem_features.parquet
drug_morgan_1235,drug_chem_features.parquet
drug_morgan_1236,drug_chem_features.parquet
drug_morgan_1237,drug_chem_features.parquet
drug_morgan_1238,drug_chem_features.parquet
drug_morgan_1239,drug_chem_features.parquet
drug_morgan_1240,drug_chem_features.parquet
drug_morgan_1241,drug_chem_features.parquet
drug_morgan_1242,drug_chem_features.parquet
drug_morgan_1243,drug_chem_features.parquet
drug_morgan_1244,drug_chem_features.parquet
drug_morgan_1245,drug_chem_features.parquet
drug_morgan_1246,drug_chem_features.parquet
drug_morgan_1247,drug_chem_features.parquet
drug_morgan_1248,drug_chem_features.parquet
drug_morgan_1249,drug_chem_features.parquet
drug_morgan_1250,drug_chem_features.parquet
drug_morgan_1251,drug_chem_features.parquet
drug_morgan_1252,drug_chem_features.parquet
drug_morgan_1253,drug_chem_features.parquet
drug_morgan_1254,drug_chem_features.parquet
drug_morgan_1255,drug_chem_features.parquet
drug_morgan_1256,drug_chem_features.parquet
drug_morgan_1257,drug_chem_features.parquet
drug_morgan_1258,drug_chem_features.parquet
drug_morgan_1259,drug_chem_features.parquet
drug_morgan_1260,drug_chem_features.parquet
drug_morgan_1261,drug_chem_features.parquet
drug_morgan_1262,drug_chem_features.parquet
drug_morgan_1263,drug_chem_features.parquet
drug_morgan_1264,drug_chem_features.parquet
drug_morgan_1265,drug_chem_features.parquet
drug_morgan_1266,drug_chem_features.parquet
drug_morgan_1267,drug_chem_features.parquet
drug_morgan_1268,drug_chem_features.parquet
drug_morgan_1269,drug_chem_features.parquet
drug_morgan_1270,drug_chem_features.parquet
drug_morgan_1271,drug_chem_features.parquet
drug_morgan_1272,drug_chem_features.parquet
drug_morgan_1273,drug_chem_features.parquet
drug_morgan_1274,drug_chem_features.parquet
drug_morgan_1275,drug_chem_features.parquet
drug_morgan_1276,drug_chem_features.parquet
drug_morgan_1277,drug_chem_features.parquet
drug_morgan_1278,drug_chem_features.parquet
drug_morgan_1279,drug_chem_features.parquet
drug_morgan_1280,drug_chem_features.parquet
drug_morgan_1281,drug_chem_features.parquet
drug_morgan_1282,drug_chem_features.parquet
drug_morgan_1283,drug_chem_features.parquet
drug_morgan_1284,drug_chem_features.parquet
drug_morgan_1285,drug_chem_features.parquet
drug_morgan_1286,drug_chem_features.parquet
drug_morgan_1287,drug_chem_features.parquet
drug_morgan_1288,drug_chem_features.parquet
drug_morgan_1289,drug_chem_features.parquet
drug_morgan_1290,drug_chem_features.parquet
drug_morgan_1291,drug_chem_features.parquet
drug_morgan_1292,drug_chem_features.parquet
drug_morgan_1293,drug_chem_features.parquet
drug_morgan_1294,drug_chem_features.parquet
drug_morgan_1295,drug_chem_features.parquet
drug_morgan_1296,drug_chem_features.parquet
drug_morgan_1297,drug_chem_features.parquet
drug_morgan_1298,drug_chem_features.parquet
drug_morgan_1299,drug_chem_features.parquet
drug_morgan_1300,drug_chem_features.parquet
drug_morgan_1301,drug_chem_features.parquet
drug_morgan_1302,drug_chem_features.parquet
drug_morgan_1303,drug_chem_features.parquet
drug_morgan_1304,drug_chem_features.parquet
drug_morgan_1305,drug_chem_features.parquet
drug_morgan_1306,drug_chem_features.parquet
drug_morgan_1307,drug_chem_features.parquet
drug_morgan_1308,drug_chem_features.parquet
drug_morgan_1309,drug_chem_features.parquet
drug_morgan_1310,drug_chem_features.parquet
drug_morgan_1311,drug_chem_features.parquet
drug_morgan_1312,drug_chem_features.parquet
drug_morgan_1313,drug_chem_features.parquet
drug_morgan_1314,drug_chem_features.parquet
drug_morgan_1315,drug_chem_features.parquet
drug_morgan_1316,drug_chem_features.parquet
drug_morgan_1317,drug_chem_features.parquet
drug_morgan_1318,drug_chem_features.parquet
drug_morgan_1319,drug_chem_features.parquet
drug_morgan_1320,drug_chem_features.parquet
drug_morgan_1321,drug_chem_features.parquet
drug_morgan_1322,drug_chem_features.parquet
drug_morgan_1323,drug_chem_features.parquet
drug_morgan_1324,drug_chem_features.parquet
drug_morgan_1325,drug_chem_features.parquet
drug_morgan_1326,drug_chem_features.parquet
drug_morgan_1327,drug_chem_features.parquet
drug_morgan_1328,drug_chem_features.parquet
drug_morgan_1329,drug_chem_features.parquet
drug_morgan_1330,drug_chem_features.parquet
drug_morgan_1331,drug_chem_features.parquet
drug_morgan_1332,drug_chem_features.parquet
drug_morgan_1333,drug_chem_features.parquet
drug_morgan_1334,drug_chem_features.parquet
drug_morgan_1335,drug_chem_features.parquet
drug_morgan_1336,drug_chem_features.parquet
drug_morgan_1337,drug_chem_features.parquet
drug_morgan_1338,drug_chem_features.parquet
drug_morgan_1339,drug_chem_features.parquet
drug_morgan_1340,drug_chem_features.parquet
drug_morgan_1341,drug_chem_features.parquet
drug_morgan_1342,drug_chem_features.parquet
drug_morgan_1343,drug_chem_features.parquet
drug_morgan_1344,drug_chem_features.parquet
drug_morgan_1345,drug_chem_features.parquet
drug_morgan_1346,drug_chem_features.parquet
drug_morgan_1347,drug_chem_features.parquet
drug_morgan_1348,drug_chem_features.parquet
drug_morgan_1349,drug_chem_features.parquet
drug_morgan_1350,drug_chem_features.parquet
drug_morgan_1351,drug_chem_features.parquet
drug_morgan_1352,drug_chem_features.parquet
drug_morgan_1353,drug_chem_features.parquet
drug_morgan_1354,drug_chem_features.parquet
drug_morgan_1355,drug_chem_features.parquet
drug_morgan_1356,drug_chem_features.parquet
drug_morgan_1357,drug_chem_features.parquet
drug_morgan_1358,drug_chem_features.parquet
drug_morgan_1359,drug_chem_features.parquet
drug_morgan_1360,drug_chem_features.parquet
drug_morgan_1361,drug_chem_features.parquet
drug_morgan_1362,drug_chem_features.parquet
drug_morgan_1363,drug_chem_features.parquet
drug_morgan_1364,drug_chem_features.parquet
drug_morgan_1365,drug_chem_features.parquet
drug_morgan_1366,drug_chem_features.parquet
drug_morgan_1367,drug_chem_features.parquet
drug_morgan_1368,drug_chem_features.parquet
drug_morgan_1369,drug_chem_features.parquet
drug_morgan_1370,drug_chem_features.parquet
drug_morgan_1371,drug_chem_features.parquet
drug_morgan_1372,drug_chem_features.parquet
drug_morgan_1373,drug_chem_features.parquet
drug_morgan_1374,drug_chem_features.parquet
drug_morgan_1375,drug_chem_features.parquet
drug_morgan_1376,drug_chem_features.parquet
drug_morgan_1377,drug_chem_features.parquet
drug_morgan_1378,drug_chem_features.parquet
drug_morgan_1379,drug_chem_features.parquet
drug_morgan_1380,drug_chem_features.parquet
drug_morgan_1381,drug_chem_features.parquet
drug_morgan_1382,drug_chem_features.parquet
drug_morgan_1383,drug_chem_features.parquet
drug_morgan_1384,drug_chem_features.parquet
drug_morgan_1385,drug_chem_features.parquet
drug_morgan_1386,drug_chem_features.parquet
drug_morgan_1387,drug_chem_features.parquet
drug_morgan_1388,drug_chem_features.parquet
drug_morgan_1389,drug_chem_features.parquet
drug_morgan_1390,drug_chem_features.parquet
drug_morgan_1391,drug_chem_features.parquet
drug_morgan_1392,drug_chem_features.parquet
drug_morgan_1393,drug_chem_features.parquet
drug_morgan_1394,drug_chem_features.parquet
drug_morgan_1395,drug_chem_features.parquet
drug_morgan_1396,drug_chem_features.parquet
drug_morgan_1397,drug_chem_features.parquet
drug_morgan_1398,drug_chem_features.parquet
drug_morgan_1399,drug_chem_features.parquet
drug_morgan_1400,drug_chem_features.parquet
drug_morgan_1401,drug_chem_features.parquet
drug_morgan_1402,drug_chem_features.parquet
drug_morgan_1403,drug_chem_features.parquet
drug_morgan_1404,drug_chem_features.parquet
drug_morgan_1405,drug_chem_features.parquet
drug_morgan_1406,drug_chem_features.parquet
drug_morgan_1407,drug_chem_features.parquet
drug_morgan_1408,drug_chem_features.parquet
drug_morgan_1409,drug_chem_features.parquet
drug_morgan_1410,drug_chem_features.parquet
drug_morgan_1411,drug_chem_features.parquet
drug_morgan_1412,drug_chem_features.parquet
drug_morgan_1413,drug_chem_features.parquet
drug_morgan_1414,drug_chem_features.parquet
drug_morgan_1415,drug_chem_features.parquet
drug_morgan_1416,drug_chem_features.parquet
drug_morgan_1417,drug_chem_features.parquet
drug_morgan_1418,drug_chem_features.parquet
drug_morgan_1419,drug_chem_features.parquet
drug_morgan_1420,drug_chem_features.parquet
drug_morgan_1421,drug_chem_features.parquet
drug_morgan_1422,drug_chem_features.parquet
drug_morgan_1423,drug_chem_features.parquet
drug_morgan_1424,drug_chem_features.parquet
drug_morgan_1425,drug_chem_features.parquet
drug_morgan_1426,drug_chem_features.parquet
drug_morgan_1427,drug_chem_features.parquet
drug_morgan_1428,drug_chem_features.parquet
drug_morgan_1429,drug_chem_features.parquet
drug_morgan_1430,drug_chem_features.parquet
drug_morgan_1431,drug_chem_features.parquet
drug_morgan_1432,drug_chem_features.parquet
drug_morgan_1433,drug_chem_features.parquet
drug_morgan_1434,drug_chem_features.parquet
drug_morgan_1435,drug_chem_features.parquet
drug_morgan_1436,drug_chem_features.parquet
drug_morgan_1437,drug_chem_features.parquet
drug_morgan_1438,drug_chem_features.parquet
drug_morgan_1439,drug_chem_features.parquet
drug_morgan_1440,drug_chem_features.parquet
drug_morgan_1441,drug_chem_features.parquet
drug_morgan_1442,drug_chem_features.parquet
drug_morgan_1443,drug_chem_features.parquet
drug_morgan_1444,drug_chem_features.parquet
drug_morgan_1445,drug_chem_features.parquet
drug_morgan_1446,drug_chem_features.parquet
drug_morgan_1447,drug_chem_features.parquet
drug_morgan_1448,drug_chem_features.parquet
drug_morgan_1449,drug_chem_features.parquet
drug_morgan_1450,drug_chem_features.parquet
drug_morgan_1451,drug_chem_features.parquet
drug_morgan_1452,drug_chem_features.parquet
drug_morgan_1453,drug_chem_features.parquet
drug_morgan_1454,drug_chem_features.parquet
drug_morgan_1455,drug_chem_features.parquet
drug_morgan_1456,drug_chem_features.parquet
drug_morgan_1457,drug_chem_features.parquet
drug_morgan_1458,drug_chem_features.parquet
drug_morgan_1459,drug_chem_features.parquet
drug_morgan_1460,drug_chem_features.parquet
drug_morgan_1461,drug_chem_features.parquet
drug_morgan_1462,drug_chem_features.parquet
drug_morgan_1463,drug_chem_features.parquet
drug_morgan_1464,drug_chem_features.parquet
drug_morgan_1465,drug_chem_features.parquet
drug_morgan_1466,drug_chem_features.parquet
drug_morgan_1467,drug_chem_features.parquet
drug_morgan_1468,drug_chem_features.parquet
drug_morgan_1469,drug_chem_features.parquet
drug_morgan_1470,drug_chem_features.parquet
drug_morgan_1471,drug_chem_features.parquet
drug_morgan_1472,drug_chem_features.parquet
drug_morgan_1473,drug_chem_features.parquet
drug_morgan_1474,drug_chem_features.parquet
drug_morgan_1475,drug_chem_features.parquet
drug_morgan_1476,drug_chem_features.parquet
drug_morgan_1477,drug_chem_features.parquet
drug_morgan_1478,drug_chem_features.parquet
drug_morgan_1479,drug_chem_features.parquet
drug_morgan_1480,drug_chem_features.parquet
drug_morgan_1481,drug_chem_features.parquet
drug_morgan_1482,drug_chem_features.parquet
drug_morgan_1483,drug_chem_features.parquet
drug_morgan_1484,drug_chem_features.parquet
drug_morgan_1485,drug_chem_features.parquet
drug_morgan_1486,drug_chem_features.parquet
drug_morgan_1487,drug_chem_features.parquet
drug_morgan_1488,drug_chem_features.parquet
drug_morgan_1489,drug_chem_features.parquet
drug_morgan_1490,drug_chem_features.parquet
drug_morgan_1491,drug_chem_features.parquet
drug_morgan_1492,drug_chem_features.parquet
drug_morgan_1493,drug_chem_features.parquet
drug_morgan_1494,drug_chem_features.parquet
drug_morgan_1495,drug_chem_features.parquet
drug_morgan_1496,drug_chem_features.parquet
drug_morgan_1497,drug_chem_features.parquet
drug_morgan_1498,drug_chem_features.parquet
drug_morgan_1499,drug_chem_features.parquet
drug_morgan_1500,drug_chem_features.parquet
drug_morgan_1501,drug_chem_features.parquet
drug_morgan_1502,drug_chem_features.parquet
drug_morgan_1503,drug_chem_features.parquet
drug_morgan_1504,drug_chem_features.parquet
drug_morgan_1505,drug_chem_features.parquet
drug_morgan_1506,drug_chem_features.parquet
drug_morgan_1507,drug_chem_features.parquet
drug_morgan_1508,drug_chem_features.parquet
drug_morgan_1509,drug_chem_features.parquet
drug_morgan_1510,drug_chem_features.parquet
drug_morgan_1511,drug_chem_features.parquet
drug_morgan_1512,drug_chem_features.parquet
drug_morgan_1513,drug_chem_features.parquet
drug_morgan_1514,drug_chem_features.parquet
drug_morgan_1515,drug_chem_features.parquet
drug_morgan_1516,drug_chem_features.parquet
drug_morgan_1517,drug_chem_features.parquet
drug_morgan_1518,drug_chem_features.parquet
drug_morgan_1519,drug_chem_features.parquet
drug_morgan_1520,drug_chem_features.parquet
drug_morgan_1521,drug_chem_features.parquet
drug_morgan_1522,drug_chem_features.parquet
drug_morgan_1523,drug_chem_features.parquet
drug_morgan_1524,drug_chem_features.parquet
drug_morgan_1525,drug_chem_features.parquet
drug_morgan_1526,drug_chem_features.parquet
drug_morgan_1527,drug_chem_features.parquet
drug_morgan_1528,drug_chem_features.parquet
drug_morgan_1529,drug_chem_features.parquet
drug_morgan_1530,drug_chem_features.parquet
drug_morgan_1531,drug_chem_features.parquet
drug_morgan_1532,drug_chem_features.parquet
drug_morgan_1533,drug_chem_features.parquet
drug_morgan_1534,drug_chem_features.parquet
drug_morgan_1535,drug_chem_features.parquet
drug_morgan_1536,drug_chem_features.parquet
drug_morgan_1537,drug_chem_features.parquet
drug_morgan_1538,drug_chem_features.parquet
drug_morgan_1539,drug_chem_features.parquet
drug_morgan_1540,drug_chem_features.parquet
drug_morgan_1541,drug_chem_features.parquet
drug_morgan_1542,drug_chem_features.parquet
drug_morgan_1543,drug_chem_features.parquet
drug_morgan_1544,drug_chem_features.parquet
drug_morgan_1545,drug_chem_features.parquet
drug_morgan_1546,drug_chem_features.parquet
drug_morgan_1547,drug_chem_features.parquet
drug_morgan_1548,drug_chem_features.parquet
drug_morgan_1549,drug_chem_features.parquet
drug_morgan_1550,drug_chem_features.parquet
drug_morgan_1551,drug_chem_features.parquet
drug_morgan_1552,drug_chem_features.parquet
drug_morgan_1553,drug_chem_features.parquet
drug_morgan_1554,drug_chem_features.parquet
drug_morgan_1555,drug_chem_features.parquet
drug_morgan_1556,drug_chem_features.parquet
drug_morgan_1557,drug_chem_features.parquet
drug_morgan_1558,drug_chem_features.parquet
drug_morgan_1559,drug_chem_features.parquet
drug_morgan_1560,drug_chem_features.parquet
drug_morgan_1561,drug_chem_features.parquet
drug_morgan_1562,drug_chem_features.parquet
drug_morgan_1563,drug_chem_features.parquet
drug_morgan_1564,drug_chem_features.parquet
drug_morgan_1565,drug_chem_features.parquet
drug_morgan_1566,drug_chem_features.parquet
drug_morgan_1567,drug_chem_features.parquet
drug_morgan_1568,drug_chem_features.parquet
drug_morgan_1569,drug_chem_features.parquet
drug_morgan_1570,drug_chem_features.parquet
drug_morgan_1571,drug_chem_features.parquet
drug_morgan_1572,drug_chem_features.parquet
drug_morgan_1573,drug_chem_features.parquet
drug_morgan_1574,drug_chem_features.parquet
drug_morgan_1575,drug_chem_features.parquet
drug_morgan_1576,drug_chem_features.parquet
drug_morgan_1577,drug_chem_features.parquet
drug_morgan_1578,drug_chem_features.parquet
drug_morgan_1579,drug_chem_features.parquet
drug_morgan_1580,drug_chem_features.parquet
drug_morgan_1581,drug_chem_features.parquet
drug_morgan_1582,drug_chem_features.parquet
drug_morgan_1583,drug_chem_features.parquet
drug_morgan_1584,drug_chem_features.parquet
drug_morgan_1585,drug_chem_features.parquet
drug_morgan_1586,drug_chem_features.parquet
drug_morgan_1587,drug_chem_features.parquet
drug_morgan_1588,drug_chem_features.parquet
drug_morgan_1589,drug_chem_features.parquet
drug_morgan_1590,drug_chem_features.parquet
drug_morgan_1591,drug_chem_features.parquet
drug_morgan_1592,drug_chem_features.parquet
drug_morgan_1593,drug_chem_features.parquet
drug_morgan_1594,drug_chem_features.parquet
drug_morgan_1595,drug_chem_features.parquet
drug_morgan_1596,drug_chem_features.parquet
drug_morgan_1597,drug_chem_features.parquet
drug_morgan_1598,drug_chem_features.parquet
drug_morgan_1599,drug_chem_features.parquet
drug_morgan_1600,drug_chem_features.parquet
drug_morgan_1601,drug_chem_features.parquet
drug_morgan_1602,drug_chem_features.parquet
drug_morgan_1603,drug_chem_features.parquet
drug_morgan_1604,drug_chem_features.parquet
drug_morgan_1605,drug_chem_features.parquet
drug_morgan_1606,drug_chem_features.parquet
drug_morgan_1607,drug_chem_features.parquet
drug_morgan_1608,drug_chem_features.parquet
drug_morgan_1609,drug_chem_features.parquet
drug_morgan_1610,drug_chem_features.parquet
drug_morgan_1611,drug_chem_features.parquet
drug_morgan_1612,drug_chem_features.parquet
drug_morgan_1613,drug_chem_features.parquet
drug_morgan_1614,drug_chem_features.parquet
drug_morgan_1615,drug_chem_features.parquet
drug_morgan_1616,drug_chem_features.parquet
drug_morgan_1617,drug_chem_features.parquet
drug_morgan_1618,drug_chem_features.parquet
drug_morgan_1619,drug_chem_features.parquet
drug_morgan_1620,drug_chem_features.parquet
drug_morgan_1621,drug_chem_features.parquet
drug_morgan_1622,drug_chem_features.parquet
drug_morgan_1623,drug_chem_features.parquet
drug_morgan_1624,drug_chem_features.parquet
drug_morgan_1625,drug_chem_features.parquet
drug_morgan_1626,drug_chem_features.parquet
drug_morgan_1627,drug_chem_features.parquet
drug_morgan_1628,drug_chem_features.parquet
drug_morgan_1629,drug_chem_features.parquet
drug_morgan_1630,drug_chem_features.parquet
drug_morgan_1631,drug_chem_features.parquet
drug_morgan_1632,drug_chem_features.parquet
drug_morgan_1633,drug_chem_features.parquet
drug_morgan_1634,drug_chem_features.parquet
drug_morgan_1635,drug_chem_features.parquet
drug_morgan_1636,drug_chem_features.parquet
drug_morgan_1637,drug_chem_features.parquet
drug_morgan_1638,drug_chem_features.parquet
drug_morgan_1639,drug_chem_features.parquet
drug_morgan_1640,drug_chem_features.parquet
drug_morgan_1641,drug_chem_features.parquet
drug_morgan_1642,drug_chem_features.parquet
drug_morgan_1643,drug_chem_features.parquet
drug_morgan_1644,drug_chem_features.parquet
drug_morgan_1645,drug_chem_features.parquet
drug_morgan_1646,drug_chem_features.parquet
drug_morgan_1647,drug_chem_features.parquet
drug_morgan_1648,drug_chem_features.parquet
drug_morgan_1649,drug_chem_features.parquet
drug_morgan_1650,drug_chem_features.parquet
drug_morgan_1651,drug_chem_features.parquet
drug_morgan_1652,drug_chem_features.parquet
drug_morgan_1653,drug_chem_features.parquet
drug_morgan_1654,drug_chem_features.parquet
drug_morgan_1655,drug_chem_features.parquet
drug_morgan_1656,drug_chem_features.parquet
drug_morgan_1657,drug_chem_features.parquet
drug_morgan_1658,drug_chem_features.parquet
drug_morgan_1659,drug_chem_features.parquet
drug_morgan_1660,drug_chem_features.parquet
drug_morgan_1661,drug_chem_features.parquet
drug_morgan_1662,drug_chem_features.parquet
drug_morgan_1663,drug_chem_features.parquet
drug_morgan_1664,drug_chem_features.parquet
drug_morgan_1665,drug_chem_features.parquet
drug_morgan_1666,drug_chem_features.parquet
drug_morgan_1667,drug_chem_features.parquet
drug_morgan_1668,drug_chem_features.parquet
drug_morgan_1669,drug_chem_features.parquet
drug_morgan_1670,drug_chem_features.parquet
drug_morgan_1671,drug_chem_features.parquet
drug_morgan_1672,drug_chem_features.parquet
drug_morgan_1673,drug_chem_features.parquet
drug_morgan_1674,drug_chem_features.parquet
drug_morgan_1675,drug_chem_features.parquet
drug_morgan_1676,drug_chem_features.parquet
drug_morgan_1677,drug_chem_features.parquet
drug_morgan_1678,drug_chem_features.parquet
drug_morgan_1679,drug_chem_features.parquet
drug_morgan_1680,drug_chem_features.parquet
drug_morgan_1681,drug_chem_features.parquet
drug_morgan_1682,drug_chem_features.parquet
drug_morgan_1683,drug_chem_features.parquet
drug_morgan_1684,drug_chem_features.parquet
drug_morgan_1685,drug_chem_features.parquet
drug_morgan_1686,drug_chem_features.parquet
drug_morgan_1687,drug_chem_features.parquet
drug_morgan_1688,drug_chem_features.parquet
drug_morgan_1689,drug_chem_features.parquet
drug_morgan_1690,drug_chem_features.parquet
drug_morgan_1691,drug_chem_features.parquet
drug_morgan_1692,drug_chem_features.parquet
drug_morgan_1693,drug_chem_features.parquet
drug_morgan_1694,drug_chem_features.parquet
drug_morgan_1695,drug_chem_features.parquet
drug_morgan_1696,drug_chem_features.parquet
drug_morgan_1697,drug_chem_features.parquet
drug_morgan_1698,drug_chem_features.parquet
drug_morgan_1699,drug_chem_features.parquet
drug_morgan_1700,drug_chem_features.parquet
drug_morgan_1701,drug_chem_features.parquet
drug_morgan_1702,drug_chem_features.parquet
drug_morgan_1703,drug_chem_features.parquet
drug_morgan_1704,drug_chem_features.parquet
drug_morgan_1705,drug_chem_features.parquet
drug_morgan_1706,drug_chem_features.parquet
drug_morgan_1707,drug_chem_features.parquet
drug_morgan_1708,drug_chem_features.parquet
drug_morgan_1709,drug_chem_features.parquet
drug_morgan_1710,drug_chem_features.parquet
drug_morgan_1711,drug_chem_features.parquet
drug_morgan_1712,drug_chem_features.parquet
drug_morgan_1713,drug_chem_features.parquet
drug_morgan_1714,drug_chem_features.parquet
drug_morgan_1715,drug_chem_features.parquet
drug_morgan_1716,drug_chem_features.parquet
drug_morgan_1717,drug_chem_features.parquet
drug_morgan_1718,drug_chem_features.parquet
drug_morgan_1719,drug_chem_features.parquet
drug_morgan_1720,drug_chem_features.parquet
drug_morgan_1721,drug_chem_features.parquet
drug_morgan_1722,drug_chem_features.parquet
drug_morgan_1723,drug_chem_features.parquet
drug_morgan_1724,drug_chem_features.parquet
drug_morgan_1725,drug_chem_features.parquet
drug_morgan_1726,drug_chem_features.parquet
drug_morgan_1727,drug_chem_features.parquet
drug_morgan_1728,drug_chem_features.parquet
drug_morgan_1729,drug_chem_features.parquet
drug_morgan_1730,drug_chem_features.parquet
drug_morgan_1731,drug_chem_features.parquet
drug_morgan_1732,drug_chem_features.parquet
drug_morgan_1733,drug_chem_features.parquet
drug_morgan_1734,drug_chem_features.parquet
drug_morgan_1735,drug_chem_features.parquet
drug_morgan_1736,drug_chem_features.parquet
drug_morgan_1737,drug_chem_features.parquet
drug_morgan_1738,drug_chem_features.parquet
drug_morgan_1739,drug_chem_features.parquet
drug_morgan_1740,drug_chem_features.parquet
drug_morgan_1741,drug_chem_features.parquet
drug_morgan_1742,drug_chem_features.parquet
drug_morgan_1743,drug_chem_features.parquet
drug_morgan_1744,drug_chem_features.parquet
drug_morgan_1745,drug_chem_features.parquet
drug_morgan_1746,drug_chem_features.parquet
drug_morgan_1747,drug_chem_features.parquet
drug_morgan_1748,drug_chem_features.parquet
drug_morgan_1749,drug_chem_features.parquet
drug_morgan_1750,drug_chem_features.parquet
drug_morgan_1751,drug_chem_features.parquet
drug_morgan_1752,drug_chem_features.parquet
drug_morgan_1753,drug_chem_features.parquet
drug_morgan_1754,drug_chem_features.parquet
drug_morgan_1755,drug_chem_features.parquet
drug_morgan_1756,drug_chem_features.parquet
drug_morgan_1757,drug_chem_features.parquet
drug_morgan_1758,drug_chem_features.parquet
drug_morgan_1759,drug_chem_features.parquet
drug_morgan_1760,drug_chem_features.parquet
drug_morgan_1761,drug_chem_features.parquet
drug_morgan_1762,drug_chem_features.parquet
drug_morgan_1763,drug_chem_features.parquet
drug_morgan_1764,drug_chem_features.parquet
drug_morgan_1765,drug_chem_features.parquet
drug_morgan_1766,drug_chem_features.parquet
drug_morgan_1767,drug_chem_features.parquet
drug_morgan_1768,drug_chem_features.parquet
drug_morgan_1769,drug_chem_features.parquet
drug_morgan_1770,drug_chem_features.parquet
drug_morgan_1771,drug_chem_features.parquet
drug_morgan_1772,drug_chem_features.parquet
drug_morgan_1773,drug_chem_features.parquet
drug_morgan_1774,drug_chem_features.parquet
drug_morgan_1775,drug_chem_features.parquet
drug_morgan_1776,drug_chem_features.parquet
drug_morgan_1777,drug_chem_features.parquet
drug_morgan_1778,drug_chem_features.parquet
drug_morgan_1779,drug_chem_features.parquet
drug_morgan_1780,drug_chem_features.parquet
drug_morgan_1781,drug_chem_features.parquet
drug_morgan_1782,drug_chem_features.parquet
drug_morgan_1783,drug_chem_features.parquet
drug_morgan_1784,drug_chem_features.parquet
drug_morgan_1785,drug_chem_features.parquet
drug_morgan_1786,drug_chem_features.parquet
drug_morgan_1787,drug_chem_features.parquet
drug_morgan_1788,drug_chem_features.parquet
drug_morgan_1789,drug_chem_features.parquet
drug_morgan_1790,drug_chem_features.parquet
drug_morgan_1791,drug_chem_features.parquet
drug_morgan_1792,drug_chem_features.parquet
drug_morgan_1793,drug_chem_features.parquet
drug_morgan_1794,drug_chem_features.parquet
drug_morgan_1795,drug_chem_features.parquet
drug_morgan_1796,drug_chem_features.parquet
drug_morgan_1797,drug_chem_features.parquet
drug_morgan_1798,drug_chem_features.parquet
drug_morgan_1799,drug_chem_features.parquet
drug_morgan_1800,drug_chem_features.parquet
drug_morgan_1801,drug_chem_features.parquet
drug_morgan_1802,drug_chem_features.parquet
drug_morgan_1803,drug_chem_features.parquet
drug_morgan_1804,drug_chem_features.parquet
drug_morgan_1805,drug_chem_features.parquet
drug_morgan_1806,drug_chem_features.parquet
drug_morgan_1807,drug_chem_features.parquet
drug_morgan_1808,drug_chem_features.parquet
drug_morgan_1809,drug_chem_features.parquet
drug_morgan_1810,drug_chem_features.parquet
drug_morgan_1811,drug_chem_features.parquet
drug_morgan_1812,drug_chem_features.parquet
drug_morgan_1813,drug_chem_features.parquet
drug_morgan_1814,drug_chem_features.parquet
drug_morgan_1815,drug_chem_features.parquet
drug_morgan_1816,drug_chem_features.parquet
drug_morgan_1817,drug_chem_features.parquet
drug_morgan_1818,drug_chem_features.parquet
drug_morgan_1819,drug_chem_features.parquet
drug_morgan_1820,drug_chem_features.parquet
drug_morgan_1821,drug_chem_features.parquet
drug_morgan_1822,drug_chem_features.parquet
drug_morgan_1823,drug_chem_features.parquet
drug_morgan_1824,drug_chem_features.parquet
drug_morgan_1825,drug_chem_features.parquet
drug_morgan_1826,drug_chem_features.parquet
drug_morgan_1827,drug_chem_features.parquet
drug_morgan_1828,drug_chem_features.parquet
drug_morgan_1829,drug_chem_features.parquet
drug_morgan_1830,drug_chem_features.parquet
drug_morgan_1831,drug_chem_features.parquet
drug_morgan_1832,drug_chem_features.parquet
drug_morgan_1833,drug_chem_features.parquet
drug_morgan_1834,drug_chem_features.parquet
drug_morgan_1835,drug_chem_features.parquet
drug_morgan_1836,drug_chem_features.parquet
drug_morgan_1837,drug_chem_features.parquet
drug_morgan_1838,drug_chem_features.parquet
drug_morgan_1839,drug_chem_features.parquet
drug_morgan_1840,drug_chem_features.parquet
drug_morgan_1841,drug_chem_features.parquet
drug_morgan_1842,drug_chem_features.parquet
drug_morgan_1843,drug_chem_features.parquet
drug_morgan_1844,drug_chem_features.parquet
drug_morgan_1845,drug_chem_features.parquet
drug_morgan_1846,drug_chem_features.parquet
drug_morgan_1847,drug_chem_features.parquet
drug_morgan_1848,drug_chem_features.parquet
drug_morgan_1849,drug_chem_features.parquet
drug_morgan_1850,drug_chem_features.parquet
drug_morgan_1851,drug_chem_features.parquet
drug_morgan_1852,drug_chem_features.parquet
drug_morgan_1853,drug_chem_features.parquet
drug_morgan_1854,drug_chem_features.parquet
drug_morgan_1855,drug_chem_features.parquet
drug_morgan_1856,drug_chem_features.parquet
drug_morgan_1857,drug_chem_features.parquet
drug_morgan_1858,drug_chem_features.parquet
drug_morgan_1859,drug_chem_features.parquet
drug_morgan_1860,drug_chem_features.parquet
drug_morgan_1861,drug_chem_features.parquet
drug_morgan_1862,drug_chem_features.parquet
drug_morgan_1863,drug_chem_features.parquet
drug_morgan_1864,drug_chem_features.parquet
drug_morgan_1865,drug_chem_features.parquet
drug_morgan_1866,drug_chem_features.parquet
drug_morgan_1867,drug_chem_features.parquet
drug_morgan_1868,drug_chem_features.parquet
drug_morgan_1869,drug_chem_features.parquet
drug_morgan_1870,drug_chem_features.parquet
drug_morgan_1871,drug_chem_features.parquet
drug_morgan_1872,drug_chem_features.parquet
drug_morgan_1873,drug_chem_features.parquet
drug_morgan_1874,drug_chem_features.parquet
drug_morgan_1875,drug_chem_features.parquet
drug_morgan_1876,drug_chem_features.parquet
drug_morgan_1877,drug_chem_features.parquet
drug_morgan_1878,drug_chem_features.parquet
drug_morgan_1879,drug_chem_features.parquet
drug_morgan_1880,drug_chem_features.parquet
drug_morgan_1881,drug_chem_features.parquet
drug_morgan_1882,drug_chem_features.parquet
drug_morgan_1883,drug_chem_features.parquet
drug_morgan_1884,drug_chem_features.parquet
drug_morgan_1885,drug_chem_features.parquet
drug_morgan_1886,drug_chem_features.parquet
drug_morgan_1887,drug_chem_features.parquet
drug_morgan_1888,drug_chem_features.parquet
drug_morgan_1889,drug_chem_features.parquet
drug_morgan_1890,drug_chem_features.parquet
drug_morgan_1891,drug_chem_features.parquet
drug_morgan_1892,drug_chem_features.parquet
drug_morgan_1893,drug_chem_features.parquet
drug_morgan_1894,drug_chem_features.parquet
drug_morgan_1895,drug_chem_features.parquet
drug_morgan_1896,drug_chem_features.parquet
drug_morgan_1897,drug_chem_features.parquet
drug_morgan_1898,drug_chem_features.parquet
drug_morgan_1899,drug_chem_features.parquet
drug_morgan_1900,drug_chem_features.parquet
drug_morgan_1901,drug_chem_features.parquet
drug_morgan_1902,drug_chem_features.parquet
drug_morgan_1903,drug_chem_features.parquet
drug_morgan_1904,drug_chem_features.parquet
drug_morgan_1905,drug_chem_features.parquet
drug_morgan_1906,drug_chem_features.parquet
drug_morgan_1907,drug_chem_features.parquet
drug_morgan_1908,drug_chem_features.parquet
drug_morgan_1909,drug_chem_features.parquet
drug_morgan_1910,drug_chem_features.parquet
drug_morgan_1911,drug_chem_features.parquet
drug_morgan_1912,drug_chem_features.parquet
drug_morgan_1913,drug_chem_features.parquet
drug_morgan_1914,drug_chem_features.parquet
drug_morgan_1915,drug_chem_features.parquet
drug_morgan_1916,drug_chem_features.parquet
drug_morgan_1917,drug_chem_features.parquet
drug_morgan_1918,drug_chem_features.parquet
drug_morgan_1919,drug_chem_features.parquet
drug_morgan_1920,drug_chem_features.parquet
drug_morgan_1921,drug_chem_features.parquet
drug_morgan_1922,drug_chem_features.parquet
drug_morgan_1923,drug_chem_features.parquet
drug_morgan_1924,drug_chem_features.parquet
drug_morgan_1925,drug_chem_features.parquet
drug_morgan_1926,drug_chem_features.parquet
drug_morgan_1927,drug_chem_features.parquet
drug_morgan_1928,drug_chem_features.parquet
drug_morgan_1929,drug_chem_features.parquet
drug_morgan_1930,drug_chem_features.parquet
drug_morgan_1931,drug_chem_features.parquet
drug_morgan_1932,drug_chem_features.parquet
drug_morgan_1933,drug_chem_features.parquet
drug_morgan_1934,drug_chem_features.parquet
drug_morgan_1935,drug_chem_features.parquet
drug_morgan_1936,drug_chem_features.parquet
drug_morgan_1937,drug_chem_features.parquet
drug_morgan_1938,drug_chem_features.parquet
drug_morgan_1939,drug_chem_features.parquet
drug_morgan_1940,drug_chem_features.parquet
drug_morgan_1941,drug_chem_features.parquet
drug_morgan_1942,drug_chem_features.parquet
drug_morgan_1943,drug_chem_features.parquet
drug_morgan_1944,drug_chem_features.parquet
drug_morgan_1945,drug_chem_features.parquet
drug_morgan_1946,drug_chem_features.parquet
drug_morgan_1947,drug_chem_features.parquet
drug_morgan_1948,drug_chem_features.parquet
drug_morgan_1949,drug_chem_features.parquet
drug_morgan_1950,drug_chem_features.parquet
drug_morgan_1951,drug_chem_features.parquet
drug_morgan_1952,drug_chem_features.parquet
drug_morgan_1953,drug_chem_features.parquet
drug_morgan_1954,drug_chem_features.parquet
drug_morgan_1955,drug_chem_features.parquet
drug_morgan_1956,drug_chem_features.parquet
drug_morgan_1957,drug_chem_features.parquet
drug_morgan_1958,drug_chem_features.parquet
drug_morgan_1959,drug_chem_features.parquet
drug_morgan_1960,drug_chem_features.parquet
drug_morgan_1961,drug_chem_features.parquet
drug_morgan_1962,drug_chem_features.parquet
drug_morgan_1963,drug_chem_features.parquet
drug_morgan_1964,drug_chem_features.parquet
drug_morgan_1965,drug_chem_features.parquet
drug_morgan_1966,drug_chem_features.parquet
drug_morgan_1967,drug_chem_features.parquet
drug_morgan_1968,drug_chem_features.parquet
drug_morgan_1969,drug_chem_features.parquet
drug_morgan_1970,drug_chem_features.parquet
drug_morgan_1971,drug_chem_features.parquet
drug_morgan_1972,drug_chem_features.parquet
drug_morgan_1973,drug_chem_features.parquet
drug_morgan_1974,drug_chem_features.parquet
drug_morgan_1975,drug_chem_features.parquet
drug_morgan_1976,drug_chem_features.parquet
drug_morgan_1977,drug_chem_features.parquet
drug_morgan_1978,drug_chem_features.parquet
drug_morgan_1979,drug_chem_features.parquet
drug_morgan_1980,drug_chem_features.parquet
drug_morgan_1981,drug_chem_features.parquet
drug_morgan_1982,drug_chem_features.parquet
drug_morgan_1983,drug_chem_features.parquet
drug_morgan_1984,drug_chem_features.parquet
drug_morgan_1985,drug_chem_features.parquet
drug_morgan_1986,drug_chem_features.parquet
drug_morgan_1987,drug_chem_features.parquet
drug_morgan_1988,drug_chem_features.parquet
drug_morgan_1989,drug_chem_features.parquet
drug_morgan_1990,drug_chem_features.parquet
drug_morgan_1991,drug_chem_features.parquet
drug_morgan_1992,drug_chem_features.parquet
drug_morgan_1993,drug_chem_features.parquet
drug_morgan_1994,drug_chem_features.parquet
drug_morgan_1995,drug_chem_features.parquet
drug_morgan_1996,drug_chem_features.parquet
drug_morgan_1997,drug_chem_features.parquet
drug_morgan_1998,drug_chem_features.parquet
drug_morgan_1999,drug_chem_features.parquet
drug_morgan_2000,drug_chem_features.parquet
drug_morgan_2001,drug_chem_features.parquet
drug_morgan_2002,drug_chem_features.parquet
drug_morgan_2003,drug_chem_features.parquet
drug_morgan_2004,drug_chem_features.parquet
drug_morgan_2005,drug_chem_features.parquet
drug_morgan_2006,drug_chem_features.parquet
drug_morgan_2007,drug_chem_features.parquet
drug_morgan_2008,drug_chem_features.parquet
drug_morgan_2009,drug_chem_features.parquet
drug_morgan_2010,drug_chem_features.parquet
drug_morgan_2011,drug_chem_features.parquet
drug_morgan_2012,drug_chem_features.parquet
drug_morgan_2013,drug_chem_features.parquet
drug_morgan_2014,drug_chem_features.parquet
drug_morgan_2015,drug_chem_features.parquet
drug_morgan_2016,drug_chem_features.parquet
drug_morgan_2017,drug_chem_features.parquet
drug_morgan_2018,drug_chem_features.parquet
drug_morgan_2019,drug_chem_features.parquet
drug_morgan_2020,drug_chem_features.parquet
drug_morgan_2021,drug_chem_features.parquet
drug_morgan_2022,drug_chem_features.parquet
drug_morgan_2023,drug_chem_features.parquet
drug_morgan_2024,drug_chem_features.parquet
drug_morgan_2025,drug_chem_features.parquet
drug_morgan_2026,drug_chem_features.parquet
drug_morgan_2027,drug_chem_features.parquet
drug_morgan_2028,drug_chem_features.parquet
drug_morgan_2029,drug_chem_features.parquet
drug_morgan_2030,drug_chem_features.parquet
drug_morgan_2031,drug_chem_features.parquet
drug_morgan_2032,drug_chem_features.parquet
drug_morgan_2033,drug_chem_features.parquet
drug_morgan_2034,drug_chem_features.parquet
drug_morgan_2035,drug_chem_features.parquet
drug_morgan_2036,drug_chem_features.parquet
drug_morgan_2037,drug_chem_features.parquet
drug_morgan_2038,drug_chem_features.parquet
drug_morgan_2039,drug_chem_features.parquet
drug_morgan_2040,drug_chem_features.parquet
drug_morgan_2041,drug_chem_features.parquet
drug_morgan_2042,drug_chem_features.parquet
drug_morgan_2043,drug_chem_features.parquet
drug_morgan_2044,drug_chem_features.parquet
drug_morgan_2045,drug_chem_features.parquet
drug_morgan_2046,drug_chem_features.parquet
drug_morgan_2047,drug_chem_features.parquet
drug_desc_mol_wt,drug_chem_features.parquet
drug_desc_logp,drug_chem_features.parquet
drug_desc_tpsa,drug_chem_features.parquet
drug_desc_hbd,drug_chem_features.parquet
drug_desc_hba,drug_chem_features.parquet
drug_desc_rot_bonds,drug_chem_features.parquet
drug_desc_ring_count,drug_chem_features.parquet
drug_desc_heavy_atoms,drug_chem_features.parquet
drug_desc_frac_csp3,drug_chem_features.parquet
