cancer,track,eval_mode,ensemble_method,row_count,spearman,pearson,rmse,mae,r2,ndcg_at_30,available_modality_count_mean,used_modalities,missing_modalities,strict_leakage_violation
brca,2A_numeric,cv,simple_mean,7730,0.24431871612749367,0.22025078166046977,2.561219271286014,1.9227087014956468,0.048189790314956626,0.018306781678564865,3.0,DL|Graph|ML,,False
brca,2A_numeric,cv,rank_mean,7730,0.2442933375807687,0.21442781653706444,3.681347477136464,3.2514583808555684,-0.9663936396384114,0.018999187908189313,3.0,DL|Graph|ML,,False
brca,2A_numeric,cv,robust_weighted,7730,0.24393064584787397,0.2198914440855302,2.5614287276562155,1.922851187430875,0.04803410597678848,0.01666284968773793,3.0,DL|Graph|ML,,False
brca,2A_numeric,groupcv,simple_mean,7730,0.2510748279346741,0.2296323116010867,2.555226106197936,1.918121600661962,0.05263898510655507,0.019208806053695595,3.0,DL|Graph|ML,,False
brca,2A_numeric,groupcv,rank_mean,7730,0.25094241904938497,0.22413804654740696,3.6792870266999453,3.249634381753746,-0.9641930743279816,0.021782859094576994,3.0,DL|Graph|ML,,False
brca,2A_numeric,groupcv,robust_weighted,7730,0.25052770188308743,0.22940706652929935,2.5553630466234614,1.9181671908212419,0.0525374398879076,0.019208806053695595,3.0,DL|Graph|ML,,False
brca,2A_numeric,holdout,simple_mean,1546,0.23466626459224638,0.20802601162648046,2.5610595152141507,1.9221029113741506,0.04230491351752841,0.040626529820902514,3.0,DL|Graph|ML,,False
brca,2A_numeric,holdout,rank_mean,1546,0.23594589798558047,0.20506569446063388,3.6253565022209977,3.1832218932704004,-0.9190635502527416,0.08102628910399237,3.0,DL|Graph|ML,,False
brca,2A_numeric,holdout,robust_weighted,1546,0.23493389753179034,0.20803954924473594,2.5609809766992466,1.9222790015963447,0.04236365076754123,0.040626529820902514,3.0,DL|Graph|ML,,False
brca,2A_numeric,scaffoldcv,simple_mean,7730,0.24434707874128378,0.21971995593263272,2.56298606943518,1.9396350074493727,0.04687616866474931,0.017021518984923708,3.0,DL|Graph|ML,,False
brca,2A_numeric,scaffoldcv,rank_mean,7730,0.24447017278710909,0.2145834589471662,3.681115783715861,3.251211850764426,-0.9661461291089879,0.015968997342100784,3.0,DL|Graph|ML,,False
brca,2A_numeric,scaffoldcv,robust_weighted,7730,0.24440751852519518,0.2198630953109415,2.5629104885250773,1.9397634174077092,0.046932381927313194,0.018270055548388953,3.0,DL|Graph|ML,,False
brca,2A_numeric,unseen_drug,simple_mean,1459,0.23275348525969267,0.21965551709309228,2.7520766036663997,2.088616424585898,0.034540467392636276,0.1476655274979189,3.0,DL|Graph|ML,,False
brca,2A_numeric,unseen_drug,rank_mean,1459,0.23256156900156816,0.21547409113135257,3.617030027715529,3.1608066218218474,-0.6676974581769508,0.14938284043724195,3.0,DL|Graph|ML,,False
brca,2A_numeric,unseen_drug,robust_weighted,1459,0.2332238103715301,0.21976710663073393,2.7518460200685966,2.0887057826939674,0.03470224327210025,0.22125657078787803,3.0,DL|Graph|ML,,False
brca,2B_numeric_smiles,cv,simple_mean,7730,0.7540817346308344,0.8335893556752254,1.4633722924347763,1.0879375331202508,0.6892819427629053,0.7872063875200288,3.0,DL|Graph|ML,,False
brca,2B_numeric_smiles,cv,rank_mean,7730,0.7558291634433624,0.750315338291215,3.5739828088909618,3.1714717587638446,-0.8533684065450358,0.7803985984003853,3.0,DL|Graph|ML,,False
brca,2B_numeric_smiles,cv,robust_weighted,7730,0.7560405629310817,0.8347067247886799,1.4627739372817203,1.0881596751511695,0.6895359884920647,0.7868153266255898,3.0,DL|Graph|ML,,False
brca,2B_numeric_smiles,groupcv,simple_mean,7730,0.4179993804153608,0.46274071033967273,2.345632740464194,1.7714668019110789,0.20168026218497437,0.3845210598236037,3.0,DL|Graph|ML,,False
brca,2B_numeric_smiles,groupcv,rank_mean,7730,0.4336293161833143,0.442987955494067,3.6431517164629823,3.2193393082764774,-0.9258007529773495,0.4821487077577534,3.0,DL|Graph|ML,,False
brca,2B_numeric_smiles,groupcv,robust_weighted,7730,0.42567991291511376,0.47249733127349935,2.326109334871609,1.757970293136193,0.21491426648587109,0.40069985004973585,3.0,DL|Graph|ML,,False
brca,2B_numeric_smiles,holdout,simple_mean,1546,0.7812582693198633,0.8485264998044723,1.3930855563223674,1.0388516707860702,0.71663676875136,0.9074424176708921,3.0,DL|Graph|ML,,False
brca,2B_numeric_smiles,holdout,rank_mean,1546,0.7815647562474487,0.769379533597563,3.5090926072897686,3.1040407495422753,-0.7979498619824563,0.9040221841244188,3.0,DL|Graph|ML,,False
brca,2B_numeric_smiles,holdout,robust_weighted,1546,0.781781760345564,0.8489960115148495,1.393520846458532,1.0405189934212504,0.7164596590405152,0.907461888138336,3.0,DL|Graph|ML,,False
brca,2B_numeric_smiles,scaffoldcv,simple_mean,7730,0.34803400392954,0.3530604995434446,2.6328346973953614,1.9842128245876873,-0.005782379150297556,0.018425827197643848,3.0,DL|Graph|ML,,False
brca,2B_numeric_smiles,scaffoldcv,rank_mean,7730,0.4147652511425885,0.42637206856655335,3.6541961249894124,3.2210773605418184,-0.9374947868623802,0.05385570984553316,3.0,DL|Graph|ML,,False
brca,2B_numeric_smiles,scaffoldcv,robust_weighted,7730,0.34448762050024895,0.3368207843721728,2.7086336473408243,2.046588853802973,-0.06452870169858915,0.016654703561609942,3.0,DL|Graph|ML,,False
brca,2B_numeric_smiles,unseen_drug,simple_mean,1459,0.404180764567826,0.500744493494035,2.4788165909638673,1.915298098151835,0.21674743283922326,0.20869619067099143,3.0,DL|Graph|ML,,False
brca,2B_numeric_smiles,unseen_drug,rank_mean,1459,0.40675363683347776,0.45524419241954445,3.5712179419263217,3.103040133376302,-0.6257199984024899,0.21760197528252226,3.0,DL|Graph|ML,,False
brca,2B_numeric_smiles,unseen_drug,robust_weighted,1459,0.4046045223605237,0.5043974838875424,2.46728872056005,1.9057203275290244,0.2240156096379331,0.1876413324228891,3.0,DL|Graph|ML,,False
brca,2C_numeric_smiles_context,cv,simple_mean,7730,0.7715337500682,0.8413026469127232,1.4304587937007058,1.0661063904969494,0.7031018161887556,0.7219849078843867,3.0,DL|Graph|ML,,False
brca,2C_numeric_smiles_context,cv,rank_mean,7730,0.7722335790361325,0.7626464524799633,3.572038420162614,3.1710966635419426,-0.8513523429194922,0.6984172992615536,3.0,DL|Graph|ML,,False
brca,2C_numeric_smiles_context,cv,robust_weighted,7730,0.7722777451050408,0.8419816764463842,1.4307290104628254,1.0671789295209064,0.7029896361752155,0.7204350598606687,3.0,DL|Graph|ML,,False
brca,2C_numeric_smiles_context,groupcv,simple_mean,7730,0.43135522392157777,0.4650307363185812,2.353723053689484,1.7617093041630179,0.1961638018407854,0.3063760503763823,3.0,DL|Graph|ML,,False
brca,2C_numeric_smiles_context,groupcv,rank_mean,7730,0.4556152326022323,0.46331942297207585,3.639853461047474,3.2167536834373602,-0.9223153600943119,0.4489692056183411,3.0,DL|Graph|ML,,False
brca,2C_numeric_smiles_context,groupcv,robust_weighted,7730,0.4541064575660098,0.49931216023782,2.2838207817304896,1.7194352349819404,0.24320042725743407,0.33618435386840684,3.0,DL|Graph|ML,,False
brca,2C_numeric_smiles_context,holdout,simple_mean,1546,0.7854194242120536,0.8505732430129769,1.3837253539688688,1.0513730497660845,0.7204318358779516,0.9043935742430808,3.0,DL|Graph|ML,,False
brca,2C_numeric_smiles_context,holdout,rank_mean,1546,0.7867575513463666,0.7740418936284524,3.50869586522309,3.1038506759198,-0.7975433283856965,0.9056861280430116,3.0,DL|Graph|ML,,False
brca,2C_numeric_smiles_context,holdout,robust_weighted,1546,0.7871409658384021,0.851622664890127,1.382272875813566,1.0521642953720267,0.7210184458273201,0.9040230476381738,3.0,DL|Graph|ML,,False
brca,2C_numeric_smiles_context,scaffoldcv,simple_mean,7730,0.3555481808966187,0.36654925792547793,2.630487355435995,1.977302428521626,-0.003989738899224937,0.021515976484641052,3.0,DL|Graph|ML,,False
brca,2C_numeric_smiles_context,scaffoldcv,rank_mean,7730,0.4311550821518079,0.4413142676741143,3.6550459298533777,3.221648284479071,-0.9383960433293188,0.05358971919763443,3.0,DL|Graph|ML,,False
brca,2C_numeric_smiles_context,scaffoldcv,robust_weighted,7730,0.36377956545942236,0.3813503851020364,2.5711716384071117,1.9171082175739307,0.04077834425675442,0.02208878003399592,3.0,DL|Graph|ML,,False
brca,2C_numeric_smiles_context,unseen_drug,simple_mean,1459,0.39089535268758124,0.5060392151356188,2.4706505219121278,1.8976812485799226,0.2218995357506902,0.4598855172965363,3.0,DL|Graph|ML,,False
brca,2C_numeric_smiles_context,unseen_drug,rank_mean,1459,0.39300167893191895,0.4437681709061418,3.57271279940118,3.105286734001422,-0.6270812865443238,0.35003894394072005,3.0,DL|Graph|ML,,False
brca,2C_numeric_smiles_context,unseen_drug,robust_weighted,1459,0.39802275230664896,0.5106152003183353,2.4590565614858853,1.8826723061029642,0.22918514654407762,0.3863822647072409,3.0,DL|Graph|ML,,False
crc,2A_numeric,cv,simple_mean,9692,0.24497269692439433,0.2527422736983115,2.635081566984968,2.046227311574674,0.06298290996235556,0.023561159254640855,3.0,DL|Graph|ML,,False
crc,2A_numeric,cv,rank_mean,9692,0.24478500800020617,0.2328936566304723,3.74302738988906,3.2594224304559147,-0.8906249991519504,0.022724814627843086,3.0,DL|Graph|ML,,False
crc,2A_numeric,cv,robust_weighted,9692,0.24460553336246577,0.25238209070295237,2.6354399613898387,2.046887497209627,0.06272800740153506,0.021144822299245185,3.0,DL|Graph|ML,,False
crc,2A_numeric,groupcv,simple_mean,9692,0.2504296937223081,0.2562007578974197,2.631350497257348,2.032265919532102,0.06563451745511617,0.022739605501645076,3.0,DL|Graph|ML,,False
crc,2A_numeric,groupcv,rank_mean,9692,0.25065300705452265,0.24050942053939284,3.742357848891318,3.25770914277327,-0.8899486815081181,0.02196649971961664,3.0,DL|Graph|ML,,False
crc,2A_numeric,groupcv,robust_weighted,9692,0.2502301187257519,0.25591808400585453,2.6315532866402553,2.0322107182098805,0.06549049505970805,0.023924423741162135,3.0,DL|Graph|ML,,False
crc,2A_numeric,holdout,simple_mean,1939,0.27158469157874177,0.2769369938392564,2.6003378158759256,2.0058241174354836,0.07531805776828615,0.17899107289567603,3.0,DL|Graph|ML,,False
crc,2A_numeric,holdout,rank_mean,1939,0.2728254153300518,0.26333533789788566,3.732310245623435,3.268459979688087,-0.9049707289433648,0.07453331754932488,3.0,DL|Graph|ML,,False
crc,2A_numeric,holdout,robust_weighted,1939,0.27168062099292534,0.27678634010424646,2.6005930159377644,2.0062269164298407,0.07513655022183274,0.17899107289567603,3.0,DL|Graph|ML,,False
crc,2A_numeric,scaffoldcv,simple_mean,9692,0.23226818406381114,0.24565632523130337,2.639171225858823,2.046087802647505,0.06007214316979337,0.04026679578759459,3.0,DL|Graph|ML,,False
crc,2A_numeric,scaffoldcv,rank_mean,9692,0.23331931051801233,0.22474685354167806,3.744527032377242,3.26216284467711,-0.8921402589968765,0.1171511349974831,3.0,DL|Graph|ML,,False
crc,2A_numeric,scaffoldcv,robust_weighted,9692,0.2313534273840663,0.2453487274165736,2.6393452171961163,2.045895084476883,0.059948206765853884,0.04026679578759459,3.0,DL|Graph|ML,,False
crc,2A_numeric,unseen_drug,simple_mean,1861,0.24553706065131764,0.26024699187084993,2.753091235910633,2.157393130658661,0.0655477512551399,0.3351357972510373,3.0,DL|Graph|ML,,False
crc,2A_numeric,unseen_drug,rank_mean,1861,0.24522392232690052,0.24766316560002238,3.6762143030132877,3.2186146591941074,-0.6661632322189528,0.19696815125645997,3.0,DL|Graph|ML,,False
crc,2A_numeric,unseen_drug,robust_weighted,1861,0.24563202619096516,0.2602764690610261,2.7527936423929154,2.1583531343621667,0.06574975829247132,0.22359785075763913,3.0,DL|Graph|ML,,False
crc,2B_numeric_smiles,cv,simple_mean,9692,0.789599488167837,0.8533167235998718,1.4292081250632498,1.075116180922928,0.7243548604738705,0.8526848495010572,3.0,DL|Graph|ML,,False
crc,2B_numeric_smiles,cv,rank_mean,9692,0.7903214984794513,0.7823753722682287,3.629387556516825,3.177345665069764,-0.7775674035465905,0.8329249226578723,3.0,DL|Graph|ML,,False
crc,2B_numeric_smiles,cv,robust_weighted,9692,0.790584139110602,0.854058503582786,1.4296982716525877,1.0770477264107188,0.7241657631828433,0.8565437493178852,3.0,DL|Graph|ML,,False
crc,2B_numeric_smiles,groupcv,simple_mean,9692,0.4554976950022342,0.5167817869774161,2.3414495452637665,1.8091024765000168,0.2601750157483995,0.11345333818444499,3.0,DL|Graph|ML,,False
crc,2B_numeric_smiles,groupcv,rank_mean,9692,0.4651943927680857,0.48300246929524854,3.697957222928467,3.220155638252843,-0.8453687080469323,0.09954025596848289,3.0,DL|Graph|ML,,False
crc,2B_numeric_smiles,groupcv,robust_weighted,9692,0.46219667599520997,0.5235033318619347,2.3264510369620113,1.7977256867957627,0.26962278007970575,0.12584149346853277,3.0,DL|Graph|ML,,False
crc,2B_numeric_smiles,holdout,simple_mean,1939,0.7741180973657846,0.8507477142079148,1.4317977952953642,1.0706300637832988,0.7196528073076087,0.9635924053475713,3.0,DL|Graph|ML,,False
crc,2B_numeric_smiles,holdout,rank_mean,1939,0.7729027857090374,0.7653695944220247,3.628479567130883,3.1934375703661364,-0.800454690133058,0.963278799129266,3.0,DL|Graph|ML,,False
crc,2B_numeric_smiles,holdout,robust_weighted,1939,0.7740401853934736,0.8510299025370305,1.4333137544820134,1.0726031224206378,0.7190588409085699,0.9636051155387433,3.0,DL|Graph|ML,,False
crc,2B_numeric_smiles,scaffoldcv,simple_mean,9692,0.3924817344071714,0.4349001565823096,2.4840125835850504,1.8923270050998167,0.1673414055562169,0.15522184616180196,3.0,DL|Graph|ML,,False
crc,2B_numeric_smiles,scaffoldcv,rank_mean,9692,0.40001341859045997,0.4290515996191599,3.716288530745877,3.2333463856855,-0.8637095730020368,0.1227359129459399,3.0,DL|Graph|ML,,False
crc,2B_numeric_smiles,scaffoldcv,robust_weighted,9692,0.38159876753648514,0.42667806141008535,2.5132724038396543,1.9076767778621213,0.14760967587610885,0.11886497724552852,3.0,DL|Graph|ML,,False
crc,2B_numeric_smiles,unseen_drug,simple_mean,1861,0.36765702354164115,0.505282088880491,2.506406451876315,1.9558996129002264,0.22550448831702308,0.376282707487128,3.0,DL|Graph|ML,,False
crc,2B_numeric_smiles,unseen_drug,rank_mean,1861,0.36226512497978236,0.40266118226735825,3.6472838004175134,3.1718944663191775,-0.6400421926177218,0.4187623120486222,3.0,DL|Graph|ML,,False
crc,2B_numeric_smiles,unseen_drug,robust_weighted,1861,0.37712117940128703,0.5084198581090481,2.494806550343646,1.9436262447874733,0.23265678564052172,0.3737068636447083,3.0,DL|Graph|ML,,False
crc,2C_numeric_smiles_context,cv,simple_mean,9692,0.7854738883562874,0.8517101556140908,1.434981707592199,1.084952232469389,0.72212331077859,0.8262480120352689,3.0,DL|Graph|ML,,False
crc,2C_numeric_smiles_context,cv,rank_mean,9692,0.7896784728619461,0.7863962056765315,3.6300657221862664,3.1757821399458455,-0.7782317568537582,0.797184853375751,3.0,DL|Graph|ML,,False
crc,2C_numeric_smiles_context,cv,robust_weighted,9692,0.7886137737184457,0.8539495655040283,1.4320178076795942,1.0851873907282286,0.7232700126978135,0.8147374201608095,3.0,DL|Graph|ML,,False
crc,2C_numeric_smiles_context,groupcv,simple_mean,9692,0.47253826371544233,0.5176267111110331,2.341866172784045,1.8089148386317724,0.25991170973615163,0.09276784992641657,3.0,DL|Graph|ML,,False
crc,2C_numeric_smiles_context,groupcv,rank_mean,9692,0.4833494226596964,0.5005438405547098,3.6957832389818184,3.217750130638204,-0.8431996063183573,0.17555608126711944,3.0,DL|Graph|ML,,False
crc,2C_numeric_smiles_context,groupcv,robust_weighted,9692,0.4782750824059626,0.5265955946160346,2.3217876050098036,1.793889248766433,0.27254796581353635,0.10960548273563041,3.0,DL|Graph|ML,,False
crc,2C_numeric_smiles_context,holdout,simple_mean,1939,0.7847449848819875,0.85709099405086,1.4142303002674153,1.0697863259155767,0.7264900635311607,0.967559418208296,3.0,DL|Graph|ML,,False
crc,2C_numeric_smiles_context,holdout,rank_mean,1939,0.7843518290301751,0.77538494390935,3.625985842006013,3.1913504474120664,-0.7979807634315459,0.952968849417877,3.0,DL|Graph|ML,,False
crc,2C_numeric_smiles_context,holdout,robust_weighted,1939,0.7849691434072101,0.8573317628471336,1.4170043817436828,1.0738103536874215,0.7254160050843075,0.9711672940190638,3.0,DL|Graph|ML,,False
crc,2C_numeric_smiles_context,scaffoldcv,simple_mean,9692,0.42978170974196517,0.37388765576764876,2.7037265018726373,1.9266167876822238,0.01352768388641401,0.17701688649421188,3.0,DL|Graph|ML,,False
crc,2C_numeric_smiles_context,scaffoldcv,rank_mean,9692,0.42442141622445706,0.4469923047909008,3.717319240481751,3.2347305008621112,-0.8647435131667727,0.11456131720940839,3.0,DL|Graph|ML,,False
crc,2C_numeric_smiles_context,scaffoldcv,robust_weighted,9692,0.43111790457334326,0.40398845921988147,2.592134617762573,1.880398918353057,0.09327729678119123,0.12130749400188998,3.0,DL|Graph|ML,,False
crc,2C_numeric_smiles_context,unseen_drug,simple_mean,1861,0.38012763970876406,0.505691399563807,2.486066675360088,1.9237864565432832,0.238023724085344,0.4308123905119576,3.0,DL|Graph|ML,,False
crc,2C_numeric_smiles_context,unseen_drug,rank_mean,1861,0.3832250746167454,0.4257840077386378,3.643967459371281,3.1698813386961273,-0.6370610884181636,0.46424352512195727,3.0,DL|Graph|ML,,False
crc,2C_numeric_smiles_context,unseen_drug,robust_weighted,1861,0.3906342331583287,0.5082425188514698,2.4783385363733283,1.9127066830326696,0.2427536904517763,0.4352005544011908,3.0,DL|Graph|ML,,False
luad,2A_numeric,cv,simple_mean,125427,0.32553389072734107,0.30528204243837237,2.627798649882866,1.9945951719220472,0.0929695193689839,0.022606571800563392,3.0,DL|Graph|ML,,False
luad,2A_numeric,cv,rank_mean,125427,0.3252186121301486,0.2954933764730812,3.593650904362527,3.142415817038802,-0.6963266467762677,0.028127463926977053,3.0,DL|Graph|ML,,False
luad,2A_numeric,cv,robust_weighted,125427,0.3253713097619642,0.3051152365707636,2.6280021838410796,1.9950214577636411,0.09282900734503807,0.02150273672879353,3.0,DL|Graph|ML,,False
luad,2A_numeric,groupcv,simple_mean,125427,0.3163664992236586,0.29822133870074063,2.634318367709698,2.004801095350018,0.0884631476484199,0.021669167102344566,3.0,DL|Graph|ML,,False
luad,2A_numeric,groupcv,rank_mean,125427,0.31644240751427744,0.287815213428659,3.5955272629338246,3.1437875986439368,-0.6980985206053385,0.019760616505959124,3.0,DL|Graph|ML,,False
luad,2A_numeric,groupcv,robust_weighted,125427,0.31585644676958674,0.29781391623395115,2.634722131831374,2.0055605525558997,0.08818370224317029,0.023569388184499936,3.0,DL|Graph|ML,,False
luad,2A_numeric,holdout,simple_mean,25086,0.3324155872704955,0.3154083794696842,2.594930649841342,1.9549433000445886,0.09921658368202102,0.0376603703525797,3.0,DL|Graph|ML,,False
luad,2A_numeric,holdout,rank_mean,25086,0.33203191210845817,0.3030835681838973,3.5893480261565998,3.139956900426618,-0.7234552468703519,0.03016685890484352,3.0,DL|Graph|ML,,False
luad,2A_numeric,holdout,robust_weighted,25086,0.33222846137546186,0.31524109827602076,2.5951448412959923,1.954605365362056,0.099067872136967,0.03799196620773004,3.0,DL|Graph|ML,,False
luad,2A_numeric,scaffoldcv,simple_mean,125427,0.3144765618545968,0.2953455872829994,2.636623220522627,2.0050179547109055,0.08686738200129496,0.021505417307412296,3.0,DL|Graph|ML,,False
luad,2A_numeric,scaffoldcv,rank_mean,125427,0.31437536392146864,0.2861757551369683,3.5963143847504973,3.1453679647313395,-0.6988420870410799,0.01840851888731678,3.0,DL|Graph|ML,,False
luad,2A_numeric,scaffoldcv,robust_weighted,125427,0.3150817075743491,0.2957706529809413,2.6362579044782466,2.00435242754837,0.08712040176062963,0.019551230873226546,3.0,DL|Graph|ML,,False
luad,2A_numeric,unseen_drug,simple_mean,24092,0.31055850608227253,0.3045141316988369,2.7391665168760895,2.0766631955185972,0.07762402194917561,0.18509912878874513,3.0,DL|Graph|ML,,False
luad,2A_numeric,unseen_drug,rank_mean,24092,0.3102597948349917,0.29507941348400624,3.513967211096434,3.067307562910619,-0.5179816610781889,0.18233939243940261,3.0,DL|Graph|ML,,False
luad,2A_numeric,unseen_drug,robust_weighted,24092,0.31034445332937377,0.30435231740811797,2.7396704954853597,2.0768200203595275,0.0772845752420741,0.21571275582563593,3.0,DL|Graph|ML,,False
luad,2B_numeric_smiles,cv,simple_mean,125427,0.8145636053909855,0.8703551727027207,1.3930178600341665,1.045603586461443,0.7451110075555526,0.7391726315569844,2.0,DL|ML,Graph,False
luad,2B_numeric_smiles,cv,rank_mean,125427,0.8099934711531522,0.7916710881595248,3.4849443655315095,3.058080241681201,-0.5952524122028986,0.751568164111902,2.0,DL|ML,Graph,False
luad,2B_numeric_smiles,cv,robust_weighted,125427,0.8140876168885285,0.8699565477716745,1.396548039635161,1.0494345725336887,0.7438174935425295,0.7392218925271368,2.0,DL|ML,Graph,False
luad,2B_numeric_smiles,groupcv,simple_mean,125427,0.43870731865162954,0.49713509602372863,2.402930059457543,1.8064922744054581,0.2415621963435216,0.2734134249842483,2.0,DL|ML,Graph,False
luad,2B_numeric_smiles,groupcv,rank_mean,125427,0.4355599092828112,0.43962848333233046,3.5698523035631804,3.1154779899290017,-0.6739335274029057,0.16407095988189693,2.0,DL|ML,Graph,False
luad,2B_numeric_smiles,groupcv,robust_weighted,125427,0.4393787298239149,0.49724393804234684,2.4025568531627983,1.8061402361341556,0.2417977685612126,0.27509968448466104,2.0,DL|ML,Graph,False
luad,2B_numeric_smiles,holdout,simple_mean,25086,0.8175095812162503,0.8708185725457486,1.3824467462212766,1.038728823697615,0.744338288455771,0.8440198143549372,2.0,DL|ML,Graph,False
luad,2B_numeric_smiles,holdout,rank_mean,25086,0.8127659611596003,0.7919543952173722,3.4827591671801623,3.058747564353601,-0.6226160173849109,0.8435646716586362,2.0,DL|ML,Graph,False
luad,2B_numeric_smiles,holdout,robust_weighted,25086,0.8169174169565975,0.8703364932022281,1.3862620837898916,1.0426779003340871,0.7429251681878363,0.8442972253420747,2.0,DL|ML,Graph,False
luad,2B_numeric_smiles,scaffoldcv,simple_mean,125427,0.457682657929027,0.5141774054215359,2.3685370937704837,1.7768376352541868,0.26311775466834775,0.051370656079197566,2.0,DL|ML,Graph,False
luad,2B_numeric_smiles,scaffoldcv,rank_mean,125427,0.4628674155702467,0.4737608227852821,3.5683434985854747,3.1132403544210208,-0.6725188439422931,0.05373421349756298,2.0,DL|ML,Graph,False
luad,2B_numeric_smiles,scaffoldcv,robust_weighted,125427,0.45876384779005647,0.514604652341636,2.367405796210773,1.7771964867413526,0.26382150889852085,0.0508326423869795,2.0,DL|ML,Graph,False
luad,2B_numeric_smiles,unseen_drug,simple_mean,24092,0.41660589003899084,0.534753558289152,2.4230767272592444,1.834855997479125,0.27821899591161303,0.24047695996312957,2.0,DL|ML,Graph,False
luad,2B_numeric_smiles,unseen_drug,rank_mean,24092,0.4399265493635265,0.46038869614554395,3.48205991898767,3.022462800294051,-0.49053986400111604,0.206400200662824,2.0,DL|ML,Graph,False
luad,2B_numeric_smiles,unseen_drug,robust_weighted,24092,0.418500331513458,0.5353946287396247,2.421426719526144,1.8335065705635827,0.2792016628943518,0.24086888711164808,2.0,DL|ML,Graph,False
luad,2C_numeric_smiles_context,cv,simple_mean,125427,0.8202507176531755,0.8756569964242683,1.3724813534898939,1.0391107157115747,0.7525709902255723,0.6995266894467188,2.0,DL|ML,Graph,False
luad,2C_numeric_smiles_context,cv,rank_mean,125427,0.8167156078686294,0.7986496225254148,3.4833952557164003,3.0562057756826406,-0.5938345003725696,0.7304495301964292,2.0,DL|ML,Graph,False
luad,2C_numeric_smiles_context,cv,robust_weighted,125427,0.8199630871568439,0.8753851540474828,1.3756319959222378,1.042465110607062,0.7514336995698674,0.6925550734978378,2.0,DL|ML,Graph,False
luad,2C_numeric_smiles_context,groupcv,simple_mean,125427,0.46515213678146355,0.5267340708256281,2.3510390932649563,1.778696888917514,0.27396524164308866,0.32148896566008633,2.0,DL|ML,Graph,False
luad,2C_numeric_smiles_context,groupcv,rank_mean,125427,0.4669493639924145,0.47911369646332214,3.5628465514498973,3.1081472885000156,-0.667369863022307,0.24106046187612892,2.0,DL|ML,Graph,False
luad,2C_numeric_smiles_context,groupcv,robust_weighted,125427,0.46521936394069324,0.5263728910215277,2.351618639399726,1.7785545787821406,0.2736072531260598,0.33628371302427507,2.0,DL|ML,Graph,False
luad,2C_numeric_smiles_context,holdout,simple_mean,25086,0.8251360732968256,0.8782288906231868,1.337167177111309,1.0058754464177142,0.7608115051738485,0.863064181103956,2.0,DL|ML,Graph,False
luad,2C_numeric_smiles_context,holdout,rank_mean,25086,0.8194729649957441,0.7996760136770712,3.4811152796049645,3.0565947984785398,-0.6210846058421564,0.8645860121645454,2.0,DL|ML,Graph,False
luad,2C_numeric_smiles_context,holdout,robust_weighted,25086,0.8246726276432651,0.8778135933838037,1.3409070302515884,1.009819448304947,0.759471686502315,0.8693381793820055,2.0,DL|ML,Graph,False
luad,2C_numeric_smiles_context,scaffoldcv,simple_mean,125427,0.5160229505306055,0.5592271211146913,2.2932004109953654,1.718423175041004,0.3092486645028587,0.04381426383488035,2.0,DL|ML,Graph,False
luad,2C_numeric_smiles_context,scaffoldcv,rank_mean,125427,0.5154729679493765,0.5204983451433668,3.5618413925998618,3.108484448366356,-0.6664291909302977,0.04655994763105473,2.0,DL|ML,Graph,False
luad,2C_numeric_smiles_context,scaffoldcv,robust_weighted,125427,0.5082776675849991,0.5443444808327529,2.3179094833337235,1.74966106687815,0.2942828752619375,0.04430464419564251,2.0,DL|ML,Graph,False
luad,2C_numeric_smiles_context,unseen_drug,simple_mean,24092,0.42246381246659814,0.5451957677918354,2.402154736589918,1.829358105797325,0.29062958139824413,0.2369336313399098,2.0,DL|ML,Graph,False
luad,2C_numeric_smiles_context,unseen_drug,rank_mean,24092,0.4427778036800296,0.4746024592213305,3.4794361838587524,3.0193863165134167,-0.4882944641490363,0.21255327673441526,2.0,DL|ML,Graph,False
luad,2C_numeric_smiles_context,unseen_drug,robust_weighted,24092,0.42451797127685037,0.54580877117238,2.400671709312445,1.827588662976939,0.29150520437220717,0.23673349172867264,2.0,DL|ML,Graph,False
stad,2A_numeric,cv,simple_mean,5118,0.2110728776028003,0.19878401601166093,2.6985550528325914,2.05092937177782,0.038426883828947545,0.009669336866268453,3.0,DL|Graph|ML,,False
stad,2A_numeric,cv,rank_mean,5118,0.20981639398813454,0.18989311397334283,3.540779948232729,3.069557893402949,-0.6554559232365513,0.01213836866924634,3.0,DL|Graph|ML,,False
stad,2A_numeric,cv,robust_weighted,5118,0.2100815588864031,0.1981892972033288,2.6989025979770496,2.0512394416496913,0.03817918713120838,0.008648044977502415,3.0,DL|Graph|ML,,False
stad,2A_numeric,groupcv,simple_mean,5118,0.22974724939995025,0.22508806945716553,2.681773536577071,2.046152150403178,0.050349175589817996,0.014938973130332687,3.0,DL|Graph|ML,,False
stad,2A_numeric,groupcv,rank_mean,5118,0.23012718697559909,0.21178628096801258,3.5359866318318933,3.0668393189268426,-0.6509768236750058,0.01287608524732613,3.0,DL|Graph|ML,,False
stad,2A_numeric,groupcv,robust_weighted,5118,0.2293362033844213,0.22499644210995837,2.681880651929975,2.0465892974371753,0.05027331220068576,0.011912273639767728,3.0,DL|Graph|ML,,False
stad,2A_numeric,holdout,simple_mean,1024,0.22411128575237096,0.20258167912987032,2.7810218311562718,2.1068465665940193,0.03543739948863056,0.04579161715460147,3.0,DL|Graph|ML,,False
stad,2A_numeric,holdout,rank_mean,1024,0.2244810110634966,0.20846141347425645,3.4979666962911087,3.018607921771642,-0.5259944818244915,0.056437745582843216,3.0,DL|Graph|ML,,False
stad,2A_numeric,holdout,robust_weighted,1024,0.22411128575237096,0.20237188346318993,2.7812110118685096,2.106862871741404,0.035306165102578,0.04579161715460147,3.0,DL|Graph|ML,,False
stad,2A_numeric,scaffoldcv,simple_mean,5118,0.21650600456383373,0.21319465346311736,2.688775688335689,2.047168756272845,0.045383595758378026,0.013603812672158891,3.0,DL|Graph|ML,,False
stad,2A_numeric,scaffoldcv,rank_mean,5118,0.2162129604031296,0.19851727476175507,3.5385296892255456,3.0712193386059545,-0.6533524200966585,0.017580434546794723,3.0,DL|Graph|ML,,False
stad,2A_numeric,scaffoldcv,robust_weighted,5118,0.21639063587278565,0.21315848649993208,2.688779165725695,2.0467414584674306,0.04538112654854043,0.013603812672158891,3.0,DL|Graph|ML,,False
stad,2A_numeric,unseen_drug,simple_mean,978,0.24297593899558984,0.24097071883805432,2.792965771796466,2.1416519674341576,0.04162269042478117,0.2188113947887712,3.0,DL|Graph|ML,,False
stad,2A_numeric,unseen_drug,rank_mean,978,0.24195522602956712,0.23253611309677258,3.4643816324366288,3.019809004338253,-0.4745406540597543,0.24036708619232422,3.0,DL|Graph|ML,,False
stad,2A_numeric,unseen_drug,robust_weighted,978,0.24277955274772206,0.24078940795336168,2.7934271952158176,2.1417739903990287,0.041305998921519316,0.2188113947887712,3.0,DL|Graph|ML,,False
stad,2B_numeric_smiles,cv,simple_mean,5118,0.7784743043557617,0.8363527246569797,1.523973388179249,1.1335523753459966,0.6933277252944705,0.8122500056334091,3.0,DL|Graph|ML,,False
stad,2B_numeric_smiles,cv,rank_mean,5118,0.7784601242121006,0.7614131682161597,3.4130318154175887,2.974480530718723,-0.5381561319652775,0.8103375688365031,3.0,DL|Graph|ML,,False
stad,2B_numeric_smiles,cv,robust_weighted,5118,0.7785695326863662,0.8363220518976869,1.5273860722061299,1.137869895829172,0.6919527047105748,0.8086233392919668,3.0,DL|Graph|ML,,False
stad,2B_numeric_smiles,groupcv,simple_mean,5118,0.42857839322202523,0.4791431681550354,2.433144519723001,1.83585986235552,0.21827219742855253,0.026564027419560064,3.0,DL|Graph|ML,,False
stad,2B_numeric_smiles,groupcv,rank_mean,5118,0.4316387089721254,0.43896531104542236,3.493707068702022,3.0224767146888634,-0.6117316151321599,0.026907230855372683,3.0,DL|Graph|ML,,False
stad,2B_numeric_smiles,groupcv,robust_weighted,5118,0.44938901860255737,0.5078934776534059,2.3774301117701935,1.793288837885602,0.25366249581905964,0.03166725505177268,3.0,DL|Graph|ML,,False
stad,2B_numeric_smiles,holdout,simple_mean,1024,0.7815802339739739,0.8425028204087784,1.557462688525951,1.1758843634810994,0.6974780263546339,0.9309198342187821,3.0,DL|Graph|ML,,False
stad,2B_numeric_smiles,holdout,rank_mean,1024,0.781586195195878,0.7665320344038221,3.3677319704906603,2.9210766066480573,-0.41447951461165955,0.9294086815749335,3.0,DL|Graph|ML,,False
stad,2B_numeric_smiles,holdout,robust_weighted,1024,0.7817036670758555,0.8418298305473153,1.5652510755313436,1.1832669856481988,0.6944448244251615,0.9309156414261365,3.0,DL|Graph|ML,,False
stad,2B_numeric_smiles,scaffoldcv,simple_mean,5118,0.36215564930995064,0.402561559452089,2.738151564566095,2.0473381362382765,0.010001091833021558,0.030566045311298577,3.0,DL|Graph|ML,,False
stad,2B_numeric_smiles,scaffoldcv,rank_mean,5118,0.4020595508945345,0.402523036231338,3.504170884956976,3.0317487568119845,-0.6214004961624153,0.07029430190731632,3.0,DL|Graph|ML,,False
stad,2B_numeric_smiles,scaffoldcv,robust_weighted,5118,0.38216728860689947,0.42306392143760047,2.588902594935515,1.9212253794842884,0.11498390390424862,0.122714639528845,3.0,DL|Graph|ML,,False
stad,2B_numeric_smiles,unseen_drug,simple_mean,978,0.390048361986307,0.5052248109303483,2.4976993337446394,1.9481152935132777,0.23354685241306083,0.35967704716851295,3.0,DL|Graph|ML,,False
stad,2B_numeric_smiles,unseen_drug,rank_mean,978,0.4004916987567521,0.4500146961590455,3.418223900758204,2.956421592410776,-0.43551028718174467,0.37758434770040533,3.0,DL|Graph|ML,,False
stad,2B_numeric_smiles,unseen_drug,robust_weighted,978,0.3949477889561272,0.5094855967846168,2.4874382463822946,1.9431719935047673,0.23983142620188946,0.3279382546285298,3.0,DL|Graph|ML,,False
stad,2C_numeric_smiles_context,cv,simple_mean,5118,0.7849154576723424,0.8434079760644576,1.4918326684195198,1.1094950252320068,0.7061268053354619,0.8186152652737382,3.0,DL|Graph|ML,,False
stad,2C_numeric_smiles_context,cv,rank_mean,5118,0.7842096062121668,0.7712580540128314,3.4117452759500835,2.9713606082658033,-0.5369967372066666,0.800105844111131,3.0,DL|Graph|ML,,False
stad,2C_numeric_smiles_context,cv,robust_weighted,5118,0.7851341203159128,0.8434207046931594,1.4956985789623525,1.1141947405458659,0.7046017556100331,0.8030766409777433,3.0,DL|Graph|ML,,False
stad,2C_numeric_smiles_context,groupcv,simple_mean,5118,0.4394329490543842,0.5013262537565244,2.4021937654787604,1.8287192453348777,0.238033603746159,0.06293521797904471,3.0,DL|Graph|ML,,False
stad,2C_numeric_smiles_context,groupcv,rank_mean,5118,0.44531844053827646,0.4573568667933995,3.4895603838394433,3.020106416962811,-0.6079079534879905,0.06601620021162749,3.0,DL|Graph|ML,,False
stad,2C_numeric_smiles_context,groupcv,robust_weighted,5118,0.4444915310385586,0.5088346455471192,2.3849798772426727,1.8180406459404925,0.24891483167193185,0.11742151729193957,3.0,DL|Graph|ML,,False
stad,2C_numeric_smiles_context,holdout,simple_mean,1024,0.7897817168285075,0.8465047080037136,1.5537058641164647,1.1708424989785216,0.6989357193267083,0.9294521508462286,3.0,DL|Graph|ML,,False
stad,2C_numeric_smiles_context,holdout,rank_mean,1024,0.78871099486323,0.7737788432106617,3.3670878724916293,2.920296306774617,-0.41393851175871954,0.9267442873936014,3.0,DL|Graph|ML,,False
stad,2C_numeric_smiles_context,holdout,robust_weighted,1024,0.7901643574266042,0.8464612819889308,1.5592360988188976,1.1769086475439492,0.6967886987358889,0.9294141687458507,3.0,DL|Graph|ML,,False
stad,2C_numeric_smiles_context,scaffoldcv,simple_mean,5118,0.38632737840082726,0.38928854994424117,2.7251170663232402,2.001052747731896,0.019404095838688518,0.011788553790895587,3.0,DL|Graph|ML,,False
stad,2C_numeric_smiles_context,scaffoldcv,rank_mean,5118,0.4358796836843693,0.4399332072940326,3.5006564074047883,3.03281304475455,-0.6181497882113265,0.2292748618266802,3.0,DL|Graph|ML,,False
stad,2C_numeric_smiles_context,scaffoldcv,robust_weighted,5118,0.39781846751176403,0.38982533746061565,2.6896680413413034,1.965360031094122,0.04474985291522782,0.011657719257350617,3.0,DL|Graph|ML,,False
stad,2C_numeric_smiles_context,unseen_drug,simple_mean,978,0.3814131588027006,0.48878499453292173,2.54563438317709,1.9243965039898505,0.20384550292885872,0.4679753345478339,3.0,DL|Graph|ML,,False
stad,2C_numeric_smiles_context,unseen_drug,rank_mean,978,0.388173998930901,0.43186640185525754,3.425132518608136,2.962379888575859,-0.4413188090156144,0.37561813056655263,3.0,DL|Graph|ML,,False
stad,2C_numeric_smiles_context,unseen_drug,robust_weighted,978,0.3874406837001169,0.49506279556630606,2.531767985685115,1.9100054857344964,0.2124953916985669,0.36388766196098044,3.0,DL|Graph|ML,,False
